订单号,支付时间,商品ID,商品名称,商家编码-SKU维度,商家编码-商品维度,商品规格,商品数量(件),商品单价(元),商品总价(元),订单金额(元),优惠金额(元),商家实收金额(元),订单状态,省份,城市,收货人姓名,收货人手机,收货地址,退款金额(元),退款原因,退款状态,支付方式,快递公司,快递单号,是否预售,运费(元),商品类目,百亿补贴
2605000436,2026-04-01 00:50:34,PD00003,儿童益智积木拼装玩具,SKU006,SP00003,大颗粒100粒,4,62.50,250.00,250.00,31.73,218.27,已完成,安徽省,合肥,用户221,13866314019,合肥区测试路240号,0,,,花呗分期,极兔速递,YT55785004183,否,0,母婴玩具,否
2605000066,2026-04-01 02:12:26,PD00006,女士防晒衣轻薄透气,SKU014,SP00006,L码-粉色,5,76.20,381.00,381.00,24.27,356.73,待发货,广东省,广州,用户974,13881780347,广州区测试路244号,290.85,商品与描述不符,退款成功,微信支付,韵达快递,YT84298356075,否,0,服饰内衣,否
2605000189,2026-04-01 02:47:50,PD00006,女士防晒衣轻薄透气,SKU014,SP00006,L码-粉色,4,54.94,219.76,219.76,19.11,200.65,已发货,云南省,云南省,用户281,13811753409,云南省区测试路115号,0,,,微信支付,申通快递,YT96040323818,否,0,服饰内衣,否
2605000004,2026-04-01 03:00:23,PD00006,女士防晒衣轻薄透气,SKU014,SP00006,L码-粉色,3,82.72,248.16,248.16,49.42,198.74,已退款,湖北省,武汉,用户192,13818597223,武汉区测试路81号,76.55,物流太慢,退款成功,花呗分期,韵达快递,YT40671960793,否,0,服饰内衣,是
2605000346,2026-04-01 03:16:58,PD00002,无线蓝牙耳机Pro版,SKU004,SP00002,黑色标准版,5,155.44,777.20,777.20,156.54,620.66,已完成,四川省,成都,用户579,13819569944,成都区测试路50号,0,,,支付宝,韵达快递,YT61622045723,否,0,数码电器,否
2605000233,2026-04-01 03:53:16,PD00003,儿童益智积木拼装玩具,SKU007,SP00003,大颗粒200粒,1,56.54,56.54,56.54,15.21,41.33,待发货,安徽省,合肥,用户489,13832896253,合肥区测试路186号,0,,,微信支付,顺丰速运,YT72805083098,否,0,母婴玩具,否
2605000344,2026-04-01 07:51:57,PD00002,无线蓝牙耳机Pro版,SKU004,SP00002,黑色标准版,3,68.49,205.47,205.47,37.58,167.89,已发货,江苏省,南京,用户619,13897200938,南京区测试路60号,0,,,支付宝,申通快递,YT10857423652,否,0,数码电器,否
2605000303,2026-04-01 10:39:26,PD00003,儿童益智积木拼装玩具,SKU006,SP00003,大颗粒100粒,3,68.00,204.00,204.00,54.23,149.77,已发货,上海市,上海市,用户320,13886887720,上海市区测试路130号,0,,,支付宝,申通快递,YT28067438702,否,0,母婴玩具,否
2605000434,2026-04-01 11:29:56,PD00006,女士防晒衣轻薄透气,SKU014,SP00006,L码-粉色,3,44.45,133.35,133.35,33.01,100.34,已退款,辽宁省,辽宁省,用户404,13826673251,辽宁省区测试路215号,86.05,七天无理由退货,退款成功,支付宝,申通快递,YT55665345145,否,0,服饰内衣,否
2605000356,2026-04-01 18:54:01,PD00007,有机红枣夹核桃500g,SKU016,SP00007,1000g礼盒,3,35.89,107.67,107.67,25.13,82.54,已付款,上海市,上海市,用户613,13891972346,上海市区测试路189号,0,,,花呗分期,韵达快递,YT31035585551,否,0,食品生鲜,否
2605000017,2026-04-01 20:08:34,PD00004,不锈钢保温杯大容量,SKU009,SP00004,800ml-银色,2,34.83,69.66,69.66,14.31,55.35,已退款,陕西省,陕西省,用户270,13844287092,陕西省区测试路132号,23.01,发错货/漏发,退款成功,花呗分期,申通快递,YT51591645459,否,0,家居生活,否
2605000128,2026-04-02 01:25:00,PD00004,不锈钢保温杯大容量,SKU008,SP00004,500ml-黑色,4,43.41,173.64,173.64,49.33,124.31,待发货,广东省,广州,用户870,13865241395,广州区测试路245号,0,,,微信支付,顺丰速运,YT70492750512,否,0,家居生活,否
2605000446,2026-04-02 05:17:33,PD00008,桌面手机支架可折叠,SKU017,SP00008,基础款-黑色,3,10.07,30.21,30.21,3.47,26.74,已付款,陕西省,陕西省,用户607,13897288318,陕西省区测试路9号,0,,,微信支付,申通快递,YT15053044407,否,0,数码电器,否
2605000361,2026-04-02 06:59:00,PD00001,夏季冰丝凉席三件套,SKU001,SP00001,1.5m床-灰色,1,45.78,45.78,45.78,4.35,41.43,已付款,云南省,云南省,用户119,13887926280,云南省区测试路191号,0,,,支付宝,顺丰速运,YT46520252928,是,0,家居生活,否
2605000096,2026-04-02 07:16:56,PD00008,桌面手机支架可折叠,SKU018,SP00008,升级款-银色,3,14.76,44.28,44.28,6.05,38.23,已发货,广西,广西,用户521,13876219844,广西区测试路192号,0,,,支付宝,顺丰速运,YT91630294179,否,0,数码电器,否
2605000171,2026-04-02 08:12:32,PD00002,无线蓝牙耳机Pro版,SKU004,SP00002,黑色标准版,5,104.49,522.45,522.45,80.62,441.83,已发货,云南省,云南省,用户996,13884071998,云南省区测试路43号,0,,,微信支付,顺丰速运,YT63878959676,是,0,数码电器,否
2605000413,2026-04-02 11:42:12,PD00003,儿童益智积木拼装玩具,SKU007,SP00003,大颗粒200粒,4,54.63,218.52,218.52,42.32,176.20,已退款,江苏省,南京,用户125,13831205245,南京区测试路176号,118.09,质量问题,退款成功,花呗分期,中通快递,YT54950096161,是,0,母婴玩具,否
2605000418,2026-04-02 14:39:33,PD00005,男士运动休闲鞋透气款,SKU012,SP00005,41码-白色,5,127.38,636.90,636.90,171.36,465.54,已发货,上海市,上海市,用户605,13867492138,上海市区测试路92号,0,,,花呗分期,圆通速递,YT58695241725,否,0,运动户外,是
2605000423,2026-04-02 15:12:34,PD00002,无线蓝牙耳机Pro版,SKU004,SP00002,黑色标准版,5,153.47,767.35,767.35,78.81,688.54,待发货,重庆市,重庆市,用户301,13818352739,重庆市区测试路191号,0,,,支付宝,极兔速递,YT13484473582,是,0,数码电器,否
2605000258,2026-04-02 21:00:00,PD00002,无线蓝牙耳机Pro版,SKU005,SP00002,白色降噪版,4,248.39,993.56,993.56,165.46,828.10,已发货,湖南省,长沙,用户66,13871606454,长沙区测试路242号,0,,,微信支付,极兔速递,YT11936445040,否,0,数码电器,否
2605000173,2026-04-02 21:11:14,PD00006,女士防晒衣轻薄透气,SKU014,SP00006,L码-粉色,3,81.39,244.17,244.17,49.10,195.07,已完成,广东省,广州,用户661,13872518238,广州区测试路209号,0,,,微信支付,圆通速递,YT90487057823,否,0,服饰内衣,是
2605000437,2026-04-02 21:45:35,PD00004,不锈钢保温杯大容量,SKU009,SP00004,800ml-银色,2,30.31,60.62,60.62,10.23,50.39,已付款,湖北省,武汉,用户195,13840616106,武汉区测试路13号,0,,,花呗分期,顺丰速运,YT35297533991,否,0,家居生活,否
2605000165,2026-04-02 23:14:41,PD00002,无线蓝牙耳机Pro版,SKU004,SP00002,黑色标准版,5,160.95,804.75,804.75,100.48,704.27,已签收,湖北省,武汉,用户586,13847767651,武汉区测试路67号,0,,,花呗分期,极兔速递,YT89603754687,否,0,数码电器,否
2605000351,2026-04-03 00:16:40,PD00006,女士防晒衣轻薄透气,SKU014,SP00006,L码-粉色,3,62.66,187.98,187.98,16.89,171.09,待发货,云南省,云南省,用户701,13899364830,云南省区测试路260号,0,,,花呗分期,申通快递,YT63183372550,否,0,服饰内衣,否
2605000339,2026-04-03 00:35:43,PD00006,女士防晒衣轻薄透气,SKU014,SP00006,L码-粉色,5,47.71,238.55,238.55,45.71,192.84,已退款,江苏省,南京,用户949,13855950132,南京区测试路208号,168.83,收到商品破损,退款成功,支付宝,圆通速递,YT80291315840,否,0,服饰内衣,否
2605000283,2026-04-03 00:45:15,PD00004,不锈钢保温杯大容量,SKU008,SP00004,500ml-黑色,2,30.13,60.26,60.26,6.40,53.86,已签收,山东省,青岛,用户250,13842580987,青岛区测试路36号,0,,,花呗分期,中通快递,YT46667061113,否,0,家居生活,否
2605000237,2026-04-03 01:19:21,PD00008,桌面手机支架可折叠,SKU017,SP00008,基础款-黑色,1,19.90,19.90,19.90,5.26,14.64,已签收,安徽省,合肥,用户360,13815307244,合肥区测试路37号,0,,,花呗分期,韵达快递,YT56888587642,否,0,数码电器,否
2605000277,2026-04-03 05:31:28,PD00006,女士防晒衣轻薄透气,SKU014,SP00006,L码-粉色,3,58.47,175.41,175.41,3.11,172.30,已付款,福建省,厦门,用户247,13838017207,厦门区测试路193号,0,,,支付宝,圆通速递,YT14239014104,否,0,服饰内衣,否
2605000440,2026-04-03 06:01:45,PD00004,不锈钢保温杯大容量,SKU009,SP00004,800ml-银色,1,61.92,61.92,61.92,15.55,46.37,已签收,重庆市,重庆市,用户379,13856667885,重庆市区测试路60号,0,,,支付宝,顺丰速运,YT34973300205,否,0,家居生活,否
2605000373,2026-04-03 09:00:27,PD00001,夏季冰丝凉席三件套,SKU002,SP00001,1.8m床-灰色,5,87.57,437.85,437.85,82.57,355.28,已退款,广西,广西,用户593,13830596745,广西区测试路109号,325.21,商品与描述不符,退款成功,支付宝,圆通速递,YT50188783542,否,0,家居生活,否
2605000005,2026-04-03 10:38:21,PD00004,不锈钢保温杯大容量,SKU008,SP00004,500ml-黑色,2,25.35,50.70,50.70,3.29,47.41,已退款,云南省,云南省,用户23,13872731482,云南省区测试路163号,27.13,七天无理由退货,退款成功,微信支付,韵达快递,YT77868960554,否,0,家居生活,否
2605000365,2026-04-03 14:28:18,PD00005,男士运动休闲鞋透气款,SKU010,SP00005,39码-黑色,5,128.86,644.30,644.30,60.57,583.73,已签收,福建省,厦门,用户148,13877387677,厦门区测试路166号,0,,,支付宝,中通快递,YT77317921005,是,0,运动户外,否
2605000150,2026-04-03 14:32:38,PD00003,儿童益智积木拼装玩具,SKU006,SP00003,大颗粒100粒,3,63.64,190.92,190.92,46.36,144.56,已退款,浙江省,杭州,用户496,13850803776,杭州区测试路263号,62.54,不喜欢/效果不好,退款成功,支付宝,申通快递,YT32143356542,否,0,母婴玩具,否
2605000262,2026-04-03 14:53:15,PD00003,儿童益智积木拼装玩具,SKU007,SP00003,大颗粒200粒,3,92.35,277.05,277.05,32.77,244.28,待发货,江苏省,南京,用户887,13866383649,南京区测试路99号,0,,,花呗分期,极兔速递,YT96094166797,否,0,母婴玩具,否
2605000100,2026-04-03 17:46:02,PD00005,男士运动休闲鞋透气款,SKU011,SP00005,40码-黑色,1,161.53,161.53,161.53,1.46,160.07,已付款,河南省,郑州,用户823,13826239712,郑州区测试路155号,0,,,花呗分期,申通快递,YT36759693632,否,0,运动户外,否
2605000357,2026-04-04 01:59:47,PD00005,男士运动休闲鞋透气款,SKU012,SP00005,41码-白色,4,157.18,628.72,628.72,109.32,519.40,已签收,北京市,北京市,用户684,13884072513,北京市区测试路219号,0,,,支付宝,中通快递,YT21248307828,否,0,运动户外,否
2605000187,2026-04-04 02:58:48,PD00005,男士运动休闲鞋透气款,SKU011,SP00005,40码-黑色,3,101.92,305.76,305.76,5.67,300.09,已发货,浙江省,杭州,用户826,13869201478,杭州区测试路249号,0,,,支付宝,中通快递,YT80272477355,否,0,运动户外,否
2605000044,2026-04-04 16:45:48,PD00004,不锈钢保温杯大容量,SKU008,SP00004,500ml-黑色,3,34.88,104.64,104.64,30.04,74.60,待发货,山东省,青岛,用户818,13842718317,青岛区测试路181号,0,,,微信支付,申通快递,YT39685455088,否,0,家居生活,否
2605000286,2026-04-04 16:58:15,PD00006,女士防晒衣轻薄透气,SKU014,SP00006,L码-粉色,5,73.82,369.10,369.10,21.46,347.64,已完成,河北省,河北省,用户641,13894152462,河北省区测试路16号,0,,,支付宝,圆通速递,YT83188540921,否,0,服饰内衣,否
2605000285,2026-04-04 17:29:05,PD00001,夏季冰丝凉席三件套,SKU001,SP00001,1.5m床-灰色,4,106.49,425.96,425.96,85.06,340.90,已签收,福建省,厦门,用户715,13827806194,厦门区测试路179号,159.98,不喜欢/效果不好,退款成功,花呗分期,中通快递,YT87279946374,否,0,家居生活,否
2605000287,2026-04-05 05:02:45,PD00008,桌面手机支架可折叠,SKU017,SP00008,基础款-黑色,1,18.54,18.54,18.54,0.85,17.69,待发货,广东省,广州,用户419,13826001377,广州区测试路131号,0,,,花呗分期,顺丰速运,YT62874543820,否,0,数码电器,否
2605000035,2026-04-05 08:51:59,PD00004,不锈钢保温杯大容量,SKU009,SP00004,800ml-银色,5,61.96,309.80,309.80,51.82,257.98,已完成,云南省,云南省,用户795,13852941214,云南省区测试路52号,113.38,物流太慢,退款成功,支付宝,圆通速递,YT46307393343,否,0,家居生活,否
2605000107,2026-04-05 09:23:53,PD00004,不锈钢保温杯大容量,SKU008,SP00004,500ml-黑色,1,57.48,57.48,57.48,3.34,54.14,已退款,湖南省,长沙,用户290,13870585007,长沙区测试路160号,30.86,收到商品破损,退款成功,微信支付,韵达快递,YT36246211355,否,0,家居生活,否
2605000160,2026-04-05 15:05:26,PD00003,儿童益智积木拼装玩具,SKU007,SP00003,大颗粒200粒,4,66.29,265.16,265.16,69.26,195.90,待发货,江西省,江西省,用户197,13884786034,江西省区测试路294号,0,,,微信支付,圆通速递,YT25191948117,否,0,母婴玩具,是
2605000244,2026-04-06 01:03:02,PD00005,男士运动休闲鞋透气款,SKU012,SP00005,41码-白色,1,71.09,71.09,71.09,4.79,66.30,已签收,福建省,厦门,用户118,13875120190,厦门区测试路41号,0,,,支付宝,圆通速递,YT75852744692,否,0,运动户外,否
2605000297,2026-04-06 02:14:30,PD00003,儿童益智积木拼装玩具,SKU007,SP00003,大颗粒200粒,5,87.47,437.35,437.35,99.46,337.89,待发货,辽宁省,辽宁省,用户79,13889108186,辽宁省区测试路89号,0,,,支付宝,韵达快递,YT43700028817,否,0,母婴玩具,是
2605000398,2026-04-06 04:08:28,PD00003,儿童益智积木拼装玩具,SKU006,SP00003,大颗粒100粒,3,36.78,110.34,110.34,11.66,98.68,已付款,陕西省,陕西省,用户919,13864602566,陕西省区测试路247号,0,,,支付宝,圆通速递,YT81957966560,否,0,母婴玩具,否
2605000049,2026-04-06 08:15:01,PD00007,有机红枣夹核桃500g,SKU016,SP00007,1000g礼盒,5,58.85,294.25,294.25,4.01,290.24,已退款,云南省,云南省,用户517,13858594428,云南省区测试路291号,261.73,七天无理由退货,退款成功,微信支付,韵达快递,YT62723932704,否,0,食品生鲜,否
2605000429,2026-04-06 12:05:33,PD00002,无线蓝牙耳机Pro版,SKU004,SP00002,黑色标准版,1,93.58,93.58,93.58,5.56,88.02,已发货,陕西省,陕西省,用户368,13823783270,陕西省区测试路183号,0,,,微信支付,申通快递,YT71824814348,否,0,数码电器,是
2605000247,2026-04-06 13:09:12,PD00001,夏季冰丝凉席三件套,SKU003,SP00001,1.5m床-蓝色,1,67.95,67.95,67.95,7.29,60.66,已付款,湖北省,武汉,用户223,13856980173,武汉区测试路18号,0,,,支付宝,韵达快递,YT88903291259,否,0,家居生活,否
2605000424,2026-04-06 14:27:58,PD00005,男士运动休闲鞋透气款,SKU011,SP00005,40码-黑色,3,70.06,210.18,210.18,35.15,175.03,待发货,云南省,云南省,用户179,13878352707,云南省区测试路143号,0,,,支付宝,顺丰速运,YT40775156875,否,0,运动户外,否
2605000185,2026-04-06 14:41:03,PD00007,有机红枣夹核桃500g,SKU015,SP00007,500g袋装,2,40.40,80.80,80.80,22.20,58.60,已发货,云南省,云南省,用户487,13889252802,云南省区测试路291号,0,,,微信支付,圆通速递,YT49934938598,否,0,食品生鲜,否
2605000037,2026-04-07 02:53:30,PD00006,女士防晒衣轻薄透气,SKU013,SP00006,M码-浅蓝,2,79.53,159.06,159.06,15.18,143.88,已退款,江西省,江西省,用户273,13873467840,江西省区测试路211号,91.41,收到商品破损,退款成功,支付宝,中通快递,YT31570782794,是,0,服饰内衣,否
2605000182,2026-04-07 07:31:07,PD00003,儿童益智积木拼装玩具,SKU007,SP00003,大颗粒200粒,3,94.17,282.51,282.51,12.39,270.12,已发货,上海市,上海市,用户835,13844681473,上海市区测试路257号,0,,,花呗分期,中通快递,YT28551376195,是,0,母婴玩具,否
2605000345,2026-04-07 15:41:00,PD00006,女士防晒衣轻薄透气,SKU013,SP00006,M码-浅蓝,4,65.49,261.96,261.96,7.98,253.98,已发货,北京市,北京市,用户188,13822224833,北京市区测试路124号,0,,,微信支付,顺丰速运,YT56596772727,是,0,服饰内衣,否
2605000056,2026-04-07 19:24:23,PD00007,有机红枣夹核桃500g,SKU015,SP00007,500g袋装,2,20.10,40.20,40.20,1.57,38.63,已付款,重庆市,重庆市,用户20,13847300601,重庆市区测试路31号,0,,,支付宝,极兔速递,YT13348787370,否,0,食品生鲜,否
2605000268,2026-04-08 10:37:52,PD00001,夏季冰丝凉席三件套,SKU002,SP00001,1.8m床-灰色,4,86.33,345.32,345.32,66.64,278.68,已签收,云南省,云南省,用户995,13828986028,云南省区测试路195号,0,,,花呗分期,韵达快递,YT14821354862,否,0,家居生活,否
2605000428,2026-04-08 11:22:00,PD00008,桌面手机支架可折叠,SKU018,SP00008,升级款-银色,5,24.51,122.55,122.55,3.30,119.25,已发货,天津市,天津市,用户404,13898706677,天津市区测试路110号,0,,,花呗分期,中通快递,YT66032573964,否,0,数码电器,否
2605000327,2026-04-08 17:06:07,PD00005,男士运动休闲鞋透气款,SKU012,SP00005,41码-白色,5,143.80,719.00,719.00,155.84,563.16,已发货,上海市,上海市,用户955,13874234843,上海市区测试路287号,0,,,支付宝,申通快递,YT98552394991,否,0,运动户外,否
2605000405,2026-04-09 01:53:26,PD00003,儿童益智积木拼装玩具,SKU006,SP00003,大颗粒100粒,5,34.69,173.45,173.45,11.99,161.46,已完成,云南省,云南省,用户942,13877896755,云南省区测试路48号,0,,,微信支付,中通快递,YT33868334865,否,0,母婴玩具,是
2605000131,2026-04-09 02:37:13,PD00002,无线蓝牙耳机Pro版,SKU004,SP00002,黑色标准版,4,174.40,697.60,697.60,35.87,661.73,已发货,福建省,厦门,用户650,13849509217,厦门区测试路149号,0,,,微信支付,圆通速递,YT28942719432,否,0,数码电器,否
2605000358,2026-04-09 02:46:09,PD00002,无线蓝牙耳机Pro版,SKU005,SP00002,白色降噪版,1,180.84,180.84,180.84,2.65,178.19,已发货,浙江省,杭州,用户41,13866969149,杭州区测试路24号,0,,,支付宝,圆通速递,YT73814757055,否,0,数码电器,是
2605000273,2026-04-09 03:57:26,PD00004,不锈钢保温杯大容量,SKU008,SP00004,500ml-黑色,1,26.36,26.36,26.36,2.73,23.63,已退款,上海市,上海市,用户34,13822234524,上海市区测试路109号,9.15,七天无理由退货,退款成功,花呗分期,中通快递,YT54081566180,否,0,家居生活,否
2605000103,2026-04-09 07:45:01,PD00005,男士运动休闲鞋透气款,SKU011,SP00005,40码-黑色,4,112.88,451.52,451.52,120.91,330.61,待发货,湖北省,武汉,用户74,13863752515,武汉区测试路279号,0,,,微信支付,顺丰速运,YT16392977749,否,0,运动户外,否
2605000293,2026-04-09 10:23:24,PD00002,无线蓝牙耳机Pro版,SKU005,SP00002,白色降噪版,2,195.66,391.32,391.32,42.29,349.03,已完成,广东省,广州,用户394,13888897230,广州区测试路283号,0,,,微信支付,极兔速递,YT48264208659,否,0,数码电器,否
2605000032,2026-04-09 14:16:23,PD00002,无线蓝牙耳机Pro版,SKU004,SP00002,黑色标准版,5,72.91,364.55,364.55,69.58,294.97,已退款,安徽省,合肥,用户923,13851107460,合肥区测试路170号,96.92,不喜欢/效果不好,退款成功,支付宝,极兔速递,YT84917922589,否,0,数码电器,否
2605000282,2026-04-09 16:22:27,PD00006,女士防晒衣轻薄透气,SKU013,SP00006,M码-浅蓝,3,56.11,168.33,168.33,50.30,118.03,已退款,广东省,广州,用户724,13854322706,广州区测试路159号,66.40,收到商品破损,退款成功,花呗分期,极兔速递,YT80750116005,否,0,服饰内衣,否
2605000047,2026-04-09 19:54:44,PD00001,夏季冰丝凉席三件套,SKU001,SP00001,1.5m床-灰色,1,78.88,78.88,78.88,2.75,76.13,待发货,湖南省,长沙,用户317,13819218043,长沙区测试路88号,0,,,花呗分期,极兔速递,YT25946925506,否,0,家居生活,否
2605000324,2026-04-09 21:05:44,PD00006,女士防晒衣轻薄透气,SKU014,SP00006,L码-粉色,3,58.04,174.12,174.12,27.35,146.77,待发货,广东省,广州,用户50,13849247196,广州区测试路273号,0,,,花呗分期,圆通速递,YT56251214215,否,0,服饰内衣,否
2605000006,2026-04-09 21:34:47,PD00004,不锈钢保温杯大容量,SKU009,SP00004,800ml-银色,1,78.92,78.92,78.92,12.04,66.88,已完成,四川省,成都,用户746,13835349871,成都区测试路258号,23.38,不喜欢/效果不好,退款成功,花呗分期,顺丰速运,YT21643040195,否,0,家居生活,否
2605000442,2026-04-10 00:05:41,PD00006,女士防晒衣轻薄透气,SKU013,SP00006,M码-浅蓝,4,54.40,217.60,217.60,51.45,166.15,已完成,江苏省,南京,用户664,13823667338,南京区测试路142号,0,,,花呗分期,极兔速递,YT73701452824,否,0,服饰内衣,否
2605000091,2026-04-10 03:53:45,PD00002,无线蓝牙耳机Pro版,SKU004,SP00002,黑色标准版,1,178.08,178.08,178.08,35.66,142.42,已完成,河北省,河北省,用户683,13862057320,河北省区测试路131号,0,,,微信支付,极兔速递,YT33248739365,否,0,数码电器,否
2605000174,2026-04-10 08:44:14,PD00005,男士运动休闲鞋透气款,SKU010,SP00005,39码-黑色,5,121.85,609.25,609.25,39.68,569.57,已付款,湖南省,长沙,用户722,13884865510,长沙区测试路62号,0,,,支付宝,中通快递,YT56614198682,否,0,运动户外,否
2605000029,2026-04-10 11:29:12,PD00004,不锈钢保温杯大容量,SKU009,SP00004,800ml-银色,4,52.32,209.28,209.28,34.17,175.11,已付款,福建省,厦门,用户824,13871164142,厦门区测试路215号,0,,,支付宝,极兔速递,YT44136849279,否,0,家居生活,否
2605000071,2026-04-10 13:07:27,PD00004,不锈钢保温杯大容量,SKU009,SP00004,800ml-银色,5,44.06,220.30,220.30,28.69,191.61,已退款,四川省,成都,用户370,13820902677,成都区测试路253号,119.14,商品与描述不符,退款成功,花呗分期,中通快递,YT71841711195,否,0,家居生活,是
2605000111,2026-04-10 19:36:26,PD00002,无线蓝牙耳机Pro版,SKU005,SP00002,白色降噪版,2,117.48,234.96,234.96,11.96,223.00,已签收,江西省,江西省,用户468,13817058920,江西省区测试路99号,0,,,支付宝,圆通速递,YT13559936932,否,0,数码电器,否
2605000078,2026-04-10 20:21:54,PD00004,不锈钢保温杯大容量,SKU008,SP00004,500ml-黑色,4,44.40,177.60,177.60,14.48,163.12,已签收,浙江省,杭州,用户619,13847531712,杭州区测试路75号,0,,,花呗分期,顺丰速运,YT11707819885,否,0,家居生活,否
2605000321,2026-04-10 21:37:00,PD00007,有机红枣夹核桃500g,SKU015,SP00007,500g袋装,5,19.00,95.00,95.00,9.26,85.74,已发货,上海市,上海市,用户391,13869880893,上海市区测试路87号,0,,,支付宝,申通快递,YT16628224656,否,0,食品生鲜,否
2605000214,2026-04-10 22:03:52,PD00007,有机红枣夹核桃500g,SKU015,SP00007,500g袋装,1,31.53,31.53,31.53,3.39,28.14,已签收,河南省,郑州,用户257,13860143070,郑州区测试路31号,0,,,微信支付,圆通速递,YT38549092759,否,0,食品生鲜,否
2605000255,2026-04-11 01:43:36,PD00007,有机红枣夹核桃500g,SKU016,SP00007,1000g礼盒,1,54.40,54.40,54.40,7.84,46.56,待发货,天津市,天津市,用户723,13843710247,天津市区测试路234号,0,,,微信支付,极兔速递,YT42343768032,否,0,食品生鲜,否
2605000386,2026-04-11 01:57:27,PD00005,男士运动休闲鞋透气款,SKU010,SP00005,39码-黑色,2,84.90,169.80,169.80,10.72,159.08,已发货,河南省,郑州,用户771,13826018394,郑州区测试路86号,0,,,微信支付,顺丰速运,YT33251318120,否,0,运动户外,是
2605000161,2026-04-11 05:42:18,PD00002,无线蓝牙耳机Pro版,SKU005,SP00002,白色降噪版,2,243.18,486.36,486.36,135.71,350.65,已发货,浙江省,杭州,用户217,13891710842,杭州区测试路176号,0,,,花呗分期,中通快递,YT87694809656,否,0,数码电器,否
2605000275,2026-04-11 05:46:38,PD00008,桌面手机支架可折叠,SKU018,SP00008,升级款-银色,4,18.84,75.36,75.36,6.71,68.65,已付款,辽宁省,辽宁省,用户54,13898439000,辽宁省区测试路107号,0,,,支付宝,顺丰速运,YT62251732833,否,0,数码电器,是
2605000317,2026-04-11 05:57:55,PD00002,无线蓝牙耳机Pro版,SKU005,SP00002,白色降噪版,1,187.36,187.36,187.36,32.16,155.20,已付款,陕西省,陕西省,用户686,13880023438,陕西省区测试路132号,122.72,收到商品破损,退款成功,支付宝,顺丰速运,YT93378012673,否,0,数码电器,否
2605000307,2026-04-11 06:35:55,PD00001,夏季冰丝凉席三件套,SKU001,SP00001,1.5m床-灰色,4,47.57,190.28,190.28,42.73,147.55,已完成,云南省,云南省,用户582,13885069383,云南省区测试路77号,0,,,微信支付,中通快递,YT74722516166,否,0,家居生活,是
2605000320,2026-04-11 09:04:40,PD00004,不锈钢保温杯大容量,SKU009,SP00004,800ml-银色,5,74.58,372.90,372.90,72.01,300.89,已完成,山东省,青岛,用户980,13835603531,青岛区测试路257号,0,,,微信支付,申通快递,YT76748814340,否,0,家居生活,否
2605000176,2026-04-11 16:33:16,PD00005,男士运动休闲鞋透气款,SKU010,SP00005,39码-黑色,1,119.19,119.19,119.19,6.40,112.79,已付款,河南省,郑州,用户461,13848195046,郑州区测试路222号,0,,,支付宝,中通快递,YT18778866004,是,0,运动户外,否
2605000426,2026-04-11 16:44:24,PD00005,男士运动休闲鞋透气款,SKU012,SP00005,41码-白色,5,93.00,465.00,465.00,49.17,415.83,已发货,浙江省,杭州,用户859,13855446086,杭州区测试路2号,290.56,发错货/漏发,退款成功,花呗分期,圆通速递,YT40915449879,是,0,运动户外,否
2605000094,2026-04-11 17:59:39,PD00004,不锈钢保温杯大容量,SKU008,SP00004,500ml-黑色,5,46.15,230.75,230.75,19.96,210.79,待发货,四川省,成都,用户972,13885812032,成都区测试路126号,0,,,花呗分期,顺丰速运,YT82793198745,否,0,家居生活,是
2605000139,2026-04-11 20:52:21,PD00002,无线蓝牙耳机Pro版,SKU004,SP00002,黑色标准版,5,176.47,882.35,882.35,259.89,622.46,已发货,江苏省,南京,用户225,13872571717,南京区测试路206号,0,,,支付宝,申通快递,YT82075202156,是,0,数码电器,否
2605000378,2026-04-11 21:31:30,PD00006,女士防晒衣轻薄透气,SKU014,SP00006,L码-粉色,4,40.09,160.36,160.36,25.59,134.77,已付款,北京市,北京市,用户785,13880466542,北京市区测试路202号,0,,,花呗分期,顺丰速运,YT10552675068,否,0,服饰内衣,否
2605000312,2026-04-11 21:45:39,PD00003,儿童益智积木拼装玩具,SKU006,SP00003,大颗粒100粒,1,67.59,67.59,67.59,15.31,52.28,已付款,江苏省,南京,用户928,13826718202,南京区测试路274号,0,,,支付宝,韵达快递,YT57060605648,否,0,母婴玩具,否
2605000329,2026-04-12 02:02:35,PD00002,无线蓝牙耳机Pro版,SKU005,SP00002,白色降噪版,5,134.91,674.55,674.55,141.45,533.10,已付款,四川省,成都,用户362,13859343658,成都区测试路53号,0,,,花呗分期,申通快递,YT90064678489,是,0,数码电器,否
2605000146,2026-04-12 03:02:44,PD00007,有机红枣夹核桃500g,SKU015,SP00007,500g袋装,1,29.97,29.97,29.97,7.87,22.10,已完成,江西省,江西省,用户535,13830858091,江西省区测试路141号,0,,,花呗分期,中通快递,YT68547656064,否,0,食品生鲜,否
2605000109,2026-04-12 04:47:08,PD00001,夏季冰丝凉席三件套,SKU003,SP00001,1.5m床-蓝色,1,57.07,57.07,57.07,7.65,49.42,已完成,湖南省,长沙,用户423,13872013927,长沙区测试路269号,0,,,微信支付,中通快递,YT33845067199,否,0,家居生活,否
2605000359,2026-04-12 06:20:14,PD00007,有机红枣夹核桃500g,SKU016,SP00007,1000g礼盒,4,37.21,148.84,148.84,38.74,110.10,已退款,江苏省,南京,用户29,13826032819,南京区测试路288号,44.39,收到商品破损,退款成功,支付宝,圆通速递,YT49853758848,否,0,食品生鲜,否
2605000183,2026-04-12 07:58:03,PD00004,不锈钢保温杯大容量,SKU009,SP00004,800ml-银色,5,78.26,391.30,391.30,94.46,296.84,已签收,浙江省,杭州,用户127,13879473332,杭州区测试路96号,0,,,花呗分期,顺丰速运,YT70747375668,否,0,家居生活,否
2605000316,2026-04-12 10:58:23,PD00006,女士防晒衣轻薄透气,SKU013,SP00006,M码-浅蓝,4,75.69,302.76,302.76,25.23,277.53,待发货,辽宁省,辽宁省,用户91,13890402128,辽宁省区测试路45号,0,,,花呗分期,极兔速递,YT31400907677,否,0,服饰内衣,否
2605000374,2026-04-12 14:00:11,PD00001,夏季冰丝凉席三件套,SKU003,SP00001,1.5m床-蓝色,1,43.99,43.99,43.99,11.04,32.95,待发货,山东省,青岛,用户250,13815355073,青岛区测试路164号,0,,,支付宝,韵达快递,YT63895499875,否,0,家居生活,否
2605000138,2026-04-12 18:02:31,PD00005,男士运动休闲鞋透气款,SKU012,SP00005,41码-白色,5,107.64,538.20,538.20,126.01,412.19,已退款,江苏省,南京,用户436,13832791391,南京区测试路97号,411.37,发错货/漏发,退款成功,花呗分期,申通快递,YT52831095916,否,0,运动户外,否
2605000051,2026-04-12 23:54:33,PD00007,有机红枣夹核桃500g,SKU016,SP00007,1000g礼盒,1,51.05,51.05,51.05,11.09,39.96,已发货,广东省,广州,用户724,13876784457,广州区测试路10号,0,,,支付宝,申通快递,YT88153032492,否,0,食品生鲜,否
2605000162,2026-04-13 00:35:02,PD00004,不锈钢保温杯大容量,SKU008,SP00004,500ml-黑色,2,56.89,113.78,113.78,11.29,102.49,已付款,湖北省,武汉,用户246,13815912169,武汉区测试路113号,0,,,花呗分期,圆通速递,YT97817073016,否,0,家居生活,是
2605000114,2026-04-13 05:46:00,PD00006,女士防晒衣轻薄透气,SKU014,SP00006,L码-粉色,4,66.46,265.84,265.84,62.19,203.65,待发货,四川省,成都,用户820,13829440778,成都区测试路14号,0,,,微信支付,极兔速递,YT68396338865,否,0,服饰内衣,否
2605000002,2026-04-13 06:39:57,PD00007,有机红枣夹核桃500g,SKU015,SP00007,500g袋装,2,43.94,87.88,87.88,8.29,79.59,已发货,云南省,云南省,用户397,13852435796,云南省区测试路245号,79.25,七天无理由退货,退款成功,支付宝,顺丰速运,YT93987311361,否,0,食品生鲜,否
2605000110,2026-04-13 07:01:14,PD00002,无线蓝牙耳机Pro版,SKU004,SP00002,黑色标准版,4,125.37,501.48,501.48,89.81,411.67,已完成,山东省,青岛,用户210,13830679093,青岛区测试路196号,0,,,花呗分期,极兔速递,YT31212111666,否,0,数码电器,否
2605000422,2026-04-13 07:34:40,PD00004,不锈钢保温杯大容量,SKU009,SP00004,800ml-银色,5,66.99,334.95,334.95,85.78,249.17,已付款,上海市,上海市,用户603,13850818964,上海市区测试路280号,0,,,花呗分期,中通快递,YT23513086118,否,0,家居生活,否
2605000157,2026-04-13 09:00:46,PD00008,桌面手机支架可折叠,SKU017,SP00008,基础款-黑色,5,14.76,73.80,73.80,10.17,63.63,已发货,上海市,上海市,用户403,13825822743,上海市区测试路74号,0,,,支付宝,申通快递,YT19103696717,是,0,数码电器,否
2605000058,2026-04-13 15:02:05,PD00002,无线蓝牙耳机Pro版,SKU005,SP00002,白色降噪版,2,206.21,412.42,412.42,68.89,343.53,已付款,辽宁省,辽宁省,用户48,13816565758,辽宁省区测试路215号,0,,,支付宝,圆通速递,YT65268635175,否,0,数码电器,否
2605000215,2026-04-13 17:09:30,PD00004,不锈钢保温杯大容量,SKU008,SP00004,500ml-黑色,5,58.17,290.85,290.85,20.25,270.60,已完成,重庆市,重庆市,用户939,13855273981,重庆市区测试路229号,0,,,微信支付,圆通速递,YT83582655264,否,0,家居生活,否
2605000410,2026-04-13 18:25:43,PD00008,桌面手机支架可折叠,SKU018,SP00008,升级款-银色,4,24.41,97.64,97.64,17.79,79.85,已完成,湖北省,武汉,用户65,13861801880,武汉区测试路63号,0,,,微信支付,中通快递,YT38813588559,否,0,数码电器,否
2605000064,2026-04-13 20:00:20,PD00004,不锈钢保温杯大容量,SKU009,SP00004,800ml-银色,4,55.90,223.60,223.60,4.95,218.65,已签收,山东省,青岛,用户658,13824809418,青岛区测试路187号,0,,,花呗分期,申通快递,YT84341485972,否,0,家居生活,否
2605000018,2026-04-14 02:41:11,PD00001,夏季冰丝凉席三件套,SKU002,SP00001,1.8m床-灰色,1,125.75,125.75,125.75,29.29,96.46,已完成,安徽省,合肥,用户122,13861949680,合肥区测试路160号,0,,,微信支付,申通快递,YT58277907207,否,0,家居生活,否
2605000216,2026-04-14 13:42:34,PD00008,桌面手机支架可折叠,SKU018,SP00008,升级款-银色,5,25.31,126.55,126.55,4.85,121.70,已签收,江西省,江西省,用户343,13871948894,江西省区测试路233号,0,,,微信支付,圆通速递,YT19744414796,否,0,数码电器,否
2605000010,2026-04-14 13:49:37,PD00003,儿童益智积木拼装玩具,SKU007,SP00003,大颗粒200粒,1,85.96,85.96,85.96,25.35,60.61,已签收,湖北省,武汉,用户263,13829260361,武汉区测试路23号,0,,,支付宝,韵达快递,YT11829344278,否,0,母婴玩具,是
2605000073,2026-04-15 07:19:11,PD00001,夏季冰丝凉席三件套,SKU003,SP00001,1.5m床-蓝色,4,95.18,380.72,380.72,63.77,316.95,已完成,湖北省,武汉,用户378,13870598128,武汉区测试路50号,0,,,支付宝,顺丰速运,YT42626407407,否,0,家居生活,否
2605000228,2026-04-15 23:00:40,PD00005,男士运动休闲鞋透气款,SKU010,SP00005,39码-黑色,3,128.85,386.55,386.55,53.58,332.97,待发货,广西,广西,用户463,13817388989,广西区测试路274号,0,,,微信支付,顺丰速运,YT49164250273,否,0,运动户外,否
2605000169,2026-04-16 01:16:12,PD00007,有机红枣夹核桃500g,SKU015,SP00007,500g袋装,1,34.79,34.79,34.79,0.48,34.31,已退款,重庆市,重庆市,用户27,13815832196,重庆市区测试路7号,16.45,七天无理由退货,退款成功,支付宝,极兔速递,YT81940630243,否,0,食品生鲜,否
2605000394,2026-04-16 02:13:41,PD00006,女士防晒衣轻薄透气,SKU014,SP00006,L码-粉色,3,38.44,115.32,115.32,11.78,103.54,已付款,云南省,云南省,用户653,13842097632,云南省区测试路10号,0,,,微信支付,顺丰速运,YT22543690161,否,0,服饰内衣,否
2605000219,2026-04-16 04:17:18,PD00002,无线蓝牙耳机Pro版,SKU004,SP00002,黑色标准版,3,142.46,427.38,427.38,37.09,390.29,待发货,安徽省,合肥,用户948,13881827867,合肥区测试路226号,0,,,微信支付,中通快递,YT20503736317,否,0,数码电器,否
2605000191,2026-04-16 08:25:40,PD00007,有机红枣夹核桃500g,SKU016,SP00007,1000g礼盒,4,58.08,232.32,232.32,24.07,208.25,待发货,四川省,成都,用户944,13894766223,成都区测试路229号,0,,,花呗分期,申通快递,YT97537265953,否,0,食品生鲜,否
2605000052,2026-04-16 10:28:29,PD00002,无线蓝牙耳机Pro版,SKU005,SP00002,白色降噪版,5,214.13,1070.65,1070.65,121.02,949.63,已签收,广东省,广州,用户450,13892029332,广州区测试路73号,0,,,微信支付,韵达快递,YT37648695870,否,0,数码电器,否
2605000054,2026-04-16 11:32:12,PD00004,不锈钢保温杯大容量,SKU009,SP00004,800ml-银色,3,66.14,198.42,198.42,24.82,173.60,待发货,上海市,上海市,用户138,13869433811,上海市区测试路10号,0,,,花呗分期,极兔速递,YT12353898640,否,0,家居生活,否
2605000036,2026-04-16 15:14:39,PD00007,有机红枣夹核桃500g,SKU016,SP00007,1000g礼盒,3,49.10,147.30,147.30,5.19,142.11,已发货,河北省,河北省,用户223,13865861755,河北省区测试路64号,0,,,微信支付,中通快递,YT48103944079,否,0,食品生鲜,否
2605000404,2026-04-16 16:09:03,PD00002,无线蓝牙耳机Pro版,SKU005,SP00002,白色降噪版,5,183.88,919.40,919.40,12.75,906.65,已退款,云南省,云南省,用户839,13838068003,云南省区测试路137号,635.64,发错货/漏发,退款成功,微信支付,顺丰速运,YT86330821887,是,0,数码电器,否
2605000290,2026-04-16 19:50:44,PD00008,桌面手机支架可折叠,SKU017,SP00008,基础款-黑色,5,16.59,82.95,82.95,1.56,81.39,已发货,四川省,成都,用户659,13848172313,成都区测试路294号,0,,,支付宝,中通快递,YT68159885329,否,0,数码电器,否
2605000205,2026-04-17 04:58:50,PD00004,不锈钢保温杯大容量,SKU008,SP00004,500ml-黑色,5,37.78,188.90,188.90,0.40,188.50,已发货,重庆市,重庆市,用户897,13811849524,重庆市区测试路145号,0,,,支付宝,韵达快递,YT64368200341,否,0,家居生活,是
2605000296,2026-04-17 09:16:48,PD00005,男士运动休闲鞋透气款,SKU010,SP00005,39码-黑色,3,111.73,335.19,335.19,44.46,290.73,待发货,浙江省,杭州,用户791,13829330242,杭州区测试路207号,0,,,花呗分期,极兔速递,YT28507104487,否,0,运动户外,否
2605000387,2026-04-17 09:57:15,PD00006,女士防晒衣轻薄透气,SKU013,SP00006,M码-浅蓝,2,85.74,171.48,171.48,29.48,142.00,已付款,上海市,上海市,用户669,13812759713,上海市区测试路53号,0,,,微信支付,顺丰速运,YT39903496041,否,0,服饰内衣,否
2605000141,2026-04-17 15:04:33,PD00005,男士运动休闲鞋透气款,SKU010,SP00005,39码-黑色,4,145.92,583.68,583.68,155.29,428.39,已退款,辽宁省,辽宁省,用户191,13849516242,辽宁省区测试路211号,393.01,物流太慢,退款成功,微信支付,中通快递,YT11266679797,否,0,运动户外,否
2605000236,2026-04-17 18:29:22,PD00008,桌面手机支架可折叠,SKU017,SP00008,基础款-黑色,3,17.46,52.38,52.38,8.87,43.51,已发货,北京市,北京市,用户346,13889664815,北京市区测试路272号,0,,,花呗分期,圆通速递,YT57759823717,否,0,数码电器,否
2605000130,2026-04-17 19:43:34,PD00005,男士运动休闲鞋透气款,SKU010,SP00005,39码-黑色,5,117.48,587.40,587.40,74.32,513.08,已完成,北京市,北京市,用户78,13819210036,北京市区测试路13号,432.38,商品与描述不符,退款成功,花呗分期,申通快递,YT90363958078,否,0,运动户外,否
2605000323,2026-04-17 21:25:12,PD00006,女士防晒衣轻薄透气,SKU014,SP00006,L码-粉色,5,49.64,248.20,248.20,57.89,190.31,已完成,福建省,厦门,用户515,13880226062,厦门区测试路266号,0,,,支付宝,中通快递,YT41870405764,否,0,服饰内衣,否
2605000184,2026-04-17 21:53:03,PD00007,有机红枣夹核桃500g,SKU015,SP00007,500g袋装,4,24.76,99.04,99.04,22.02,77.02,已付款,广西,广西,用户409,13859350456,广西区测试路143号,0,,,微信支付,顺丰速运,YT96514439503,否,0,食品生鲜,否
2605000014,2026-04-18 00:16:59,PD00002,无线蓝牙耳机Pro版,SKU005,SP00002,白色降噪版,1,224.09,224.09,224.09,23.91,200.18,已完成,湖南省,长沙,用户439,13868074772,长沙区测试路110号,0,,,花呗分期,顺丰速运,YT93475029912,否,0,数码电器,否
2605000186,2026-04-18 01:40:36,PD00003,儿童益智积木拼装玩具,SKU007,SP00003,大颗粒200粒,3,55.38,166.14,166.14,11.06,155.08,已发货,湖北省,武汉,用户601,13863978701,武汉区测试路204号,0,,,支付宝,圆通速递,YT70094421930,否,0,母婴玩具,否
2605000112,2026-04-18 04:42:31,PD00008,桌面手机支架可折叠,SKU018,SP00008,升级款-银色,4,24.22,96.88,96.88,6.33,90.55,已付款,云南省,云南省,用户543,13829651475,云南省区测试路60号,0,,,支付宝,圆通速递,YT41790826201,否,0,数码电器,是
2605000098,2026-04-18 09:04:06,PD00001,夏季冰丝凉席三件套,SKU001,SP00001,1.5m床-灰色,3,107.11,321.33,321.33,92.35,228.98,已发货,上海市,上海市,用户998,13888948987,上海市区测试路21号,0,,,微信支付,中通快递,YT18502625966,否,0,家居生活,否
2605000028,2026-04-18 14:37:48,PD00006,女士防晒衣轻薄透气,SKU013,SP00006,M码-浅蓝,5,42.41,212.05,212.05,52.94,159.11,已付款,天津市,天津市,用户960,13869711761,天津市区测试路175号,0,,,微信支付,顺丰速运,YT27537696775,否,0,服饰内衣,是
2605000158,2026-04-18 20:35:07,PD00004,不锈钢保温杯大容量,SKU008,SP00004,500ml-黑色,1,53.62,53.62,53.62,4.45,49.17,已完成,江西省,江西省,用户320,13832959484,江西省区测试路109号,24.03,商品与描述不符,退款成功,支付宝,顺丰速运,YT42912235007,否,0,家居生活,否
2605000354,2026-04-18 20:50:28,PD00004,不锈钢保温杯大容量,SKU009,SP00004,800ml-银色,2,71.39,142.78,142.78,30.08,112.70,已发货,安徽省,合肥,用户181,13826850897,合肥区测试路40号,0,,,支付宝,顺丰速运,YT24116456399,否,0,家居生活,是
2605000063,2026-04-18 22:18:35,PD00002,无线蓝牙耳机Pro版,SKU004,SP00002,黑色标准版,4,147.54,590.16,590.16,100.38,489.78,已退款,山东省,青岛,用户450,13822480434,青岛区测试路254号,361.32,收到商品破损,退款成功,微信支付,圆通速递,YT29263196401,否,0,数码电器,否
2605000267,2026-04-18 23:27:53,PD00004,不锈钢保温杯大容量,SKU009,SP00004,800ml-银色,2,45.69,91.38,91.38,17.59,73.79,已付款,山东省,青岛,用户389,13829358883,青岛区测试路72号,0,,,支付宝,中通快递,YT82881741130,否,0,家居生活,否
2605000328,2026-04-18 23:35:05,PD00003,儿童益智积木拼装玩具,SKU006,SP00003,大颗粒100粒,2,36.45,72.90,72.90,1.14,71.76,待发货,湖北省,武汉,用户671,13827196141,武汉区测试路128号,0,,,微信支付,中通快递,YT25268745685,是,0,母婴玩具,否
2605000077,2026-04-19 00:07:46,PD00008,桌面手机支架可折叠,SKU018,SP00008,升级款-银色,5,18.51,92.55,92.55,5.58,86.97,已签收,陕西省,陕西省,用户415,13898084423,陕西省区测试路165号,0,,,花呗分期,申通快递,YT68517998646,否,0,数码电器,是
2605000272,2026-04-19 01:46:38,PD00003,儿童益智积木拼装玩具,SKU007,SP00003,大颗粒200粒,5,56.87,284.35,284.35,74.07,210.28,已签收,山东省,青岛,用户590,13883716179,青岛区测试路1号,0,,,微信支付,韵达快递,YT52395577494,是,0,母婴玩具,否
2605000048,2026-04-19 05:05:58,PD00004,不锈钢保温杯大容量,SKU009,SP00004,800ml-银色,4,63.61,254.44,254.44,36.48,217.96,已发货,江苏省,南京,用户346,13892868588,南京区测试路291号,0,,,微信支付,极兔速递,YT12552495269,否,0,家居生活,否
2605000380,2026-04-19 08:13:14,PD00008,桌面手机支架可折叠,SKU018,SP00008,升级款-银色,4,13.39,53.56,53.56,5.52,48.04,已签收,上海市,上海市,用户613,13833382778,上海市区测试路268号,0,,,微信支付,韵达快递,YT11288879270,否,0,数码电器,否
2605000193,2026-04-19 08:14:21,PD00007,有机红枣夹核桃500g,SKU015,SP00007,500g袋装,3,33.19,99.57,99.57,26.54,73.03,已退款,北京市,北京市,用户977,13847643063,北京市区测试路34号,72.44,不喜欢/效果不好,退款成功,支付宝,韵达快递,YT70183002773,是,0,食品生鲜,否
2605000409,2026-04-19 09:14:29,PD00005,男士运动休闲鞋透气款,SKU012,SP00005,41码-白色,4,81.85,327.40,327.40,57.56,269.84,待发货,上海市,上海市,用户719,13849371466,上海市区测试路165号,0,,,支付宝,圆通速递,YT21078378143,否,0,运动户外,否
2605000300,2026-04-19 09:29:00,PD00007,有机红枣夹核桃500g,SKU015,SP00007,500g袋装,3,30.64,91.92,91.92,17.34,74.58,已完成,广西,广西,用户195,13836566695,广西区测试路272号,46.04,商品与描述不符,退款成功,微信支付,申通快递,YT26606291223,是,0,食品生鲜,是
2605000168,2026-04-19 16:28:28,PD00006,女士防晒衣轻薄透气,SKU013,SP00006,M码-浅蓝,2,68.97,137.94,137.94,36.10,101.84,已完成,广东省,广州,用户356,13898519622,广州区测试路52号,0,,,花呗分期,顺丰速运,YT26256271100,否,0,服饰内衣,是
2605000266,2026-04-19 19:03:45,PD00007,有机红枣夹核桃500g,SKU015,SP00007,500g袋装,5,37.51,187.55,187.55,43.04,144.51,已退款,北京市,北京市,用户44,13849610248,北京市区测试路232号,85.83,商品与描述不符,退款成功,花呗分期,中通快递,YT11318745072,否,0,食品生鲜,否
2605000101,2026-04-19 21:56:08,PD00004,不锈钢保温杯大容量,SKU009,SP00004,800ml-银色,5,45.36,226.80,226.80,40.01,186.79,已发货,广东省,广州,用户37,13846357035,广州区测试路289号,0,,,花呗分期,圆通速递,YT78273080724,否,0,家居生活,否
2605000092,2026-04-19 22:42:24,PD00007,有机红枣夹核桃500g,SKU015,SP00007,500g袋装,5,33.51,167.55,167.55,17.34,150.21,待发货,安徽省,合肥,用户315,13883556856,合肥区测试路142号,0,,,支付宝,极兔速递,YT33612911093,是,0,食品生鲜,否
2605000179,2026-04-20 00:39:12,PD00004,不锈钢保温杯大容量,SKU009,SP00004,800ml-银色,4,67.35,269.40,269.40,17.53,251.87,已完成,河北省,河北省,用户451,13830031782,河北省区测试路110号,0,,,微信支付,圆通速递,YT50462078009,是,0,家居生活,否
2605000190,2026-04-20 02:35:17,PD00004,不锈钢保温杯大容量,SKU008,SP00004,500ml-黑色,4,53.54,214.16,214.16,64.24,149.92,已完成,重庆市,重庆市,用户67,13834503482,重庆市区测试路110号,0,,,支付宝,顺丰速运,YT69841527842,否,0,家居生活,否
2605000341,2026-04-20 04:33:53,PD00005,男士运动休闲鞋透气款,SKU010,SP00005,39码-黑色,3,132.21,396.63,396.63,101.33,295.30,待发货,辽宁省,辽宁省,用户808,13859244323,辽宁省区测试路300号,0,,,花呗分期,顺丰速运,YT87950883527,否,0,运动户外,否
2605000334,2026-04-20 05:32:14,PD00004,不锈钢保温杯大容量,SKU009,SP00004,800ml-银色,3,71.45,214.35,214.35,13.21,201.14,已完成,陕西省,陕西省,用户661,13828854702,陕西省区测试路208号,0,,,微信支付,极兔速递,YT97656791104,否,0,家居生活,否
2605000083,2026-04-20 07:52:45,PD00005,男士运动休闲鞋透气款,SKU010,SP00005,39码-黑色,4,151.45,605.80,605.80,134.11,471.69,已发货,四川省,成都,用户625,13841068683,成都区测试路7号,0,,,支付宝,中通快递,YT76786801463,否,0,运动户外,否
2605000116,2026-04-20 14:24:54,PD00007,有机红枣夹核桃500g,SKU016,SP00007,1000g礼盒,1,65.30,65.30,65.30,2.57,62.73,已完成,山东省,青岛,用户870,13827232762,青岛区测试路227号,0,,,微信支付,中通快递,YT38859928443,否,0,食品生鲜,否
2605000020,2026-04-20 21:05:42,PD00004,不锈钢保温杯大容量,SKU008,SP00004,500ml-黑色,1,27.79,27.79,27.79,7.47,20.32,已发货,广西,广西,用户568,13869332057,广西区测试路75号,0,,,花呗分期,圆通速递,YT44425344424,否,0,家居生活,否
2605000001,2026-04-21 00:17:12,PD00006,女士防晒衣轻薄透气,SKU014,SP00006,L码-粉色,4,84.61,338.44,338.44,80.24,258.20,待发货,天津市,天津市,用户274,13863061517,天津市区测试路251号,0,,,花呗分期,申通快递,YT56370029441,否,0,服饰内衣,否
2605000122,2026-04-21 00:32:53,PD00007,有机红枣夹核桃500g,SKU015,SP00007,500g袋装,5,22.52,112.60,112.60,13.31,99.29,已签收,天津市,天津市,用户464,13831347579,天津市区测试路149号,0,,,花呗分期,韵达快递,YT83146844230,否,0,食品生鲜,否
2605000375,2026-04-21 03:18:04,PD00007,有机红枣夹核桃500g,SKU015,SP00007,500g袋装,2,35.77,71.54,71.54,10.20,61.34,待发货,江西省,江西省,用户690,13882636617,江西省区测试路5号,0,,,花呗分期,顺丰速运,YT21824811882,否,0,食品生鲜,否
2605000419,2026-04-21 04:39:40,PD00001,夏季冰丝凉席三件套,SKU003,SP00001,1.5m床-蓝色,1,57.70,57.70,57.70,13.48,44.22,已完成,河北省,河北省,用户597,13848050872,河北省区测试路123号,0,,,微信支付,中通快递,YT99162195086,否,0,家居生活,是
2605000363,2026-04-21 16:55:17,PD00002,无线蓝牙耳机Pro版,SKU005,SP00002,白色降噪版,5,137.31,686.55,686.55,28.98,657.57,已发货,山东省,青岛,用户310,13864348395,青岛区测试路295号,0,,,支付宝,极兔速递,YT86191368879,否,0,数码电器,否
2605000012,2026-04-21 21:08:49,PD00004,不锈钢保温杯大容量,SKU009,SP00004,800ml-银色,4,63.15,252.60,252.60,2.15,250.45,已签收,河北省,河北省,用户373,13815416394,河北省区测试路43号,0,,,花呗分期,中通快递,YT87552353057,否,0,家居生活,否
2605000253,2026-04-22 03:30:17,PD00001,夏季冰丝凉席三件套,SKU001,SP00001,1.5m床-灰色,3,96.15,288.45,288.45,34.78,253.67,已退款,四川省,成都,用户586,13819355134,成都区测试路104号,194.60,发错货/漏发,退款成功,微信支付,申通快递,YT21249577444,否,0,家居生活,否
2605000227,2026-04-22 03:55:53,PD00008,桌面手机支架可折叠,SKU017,SP00008,基础款-黑色,3,18.20,54.60,54.60,12.47,42.13,已完成,湖北省,武汉,用户891,13822679071,武汉区测试路56号,0,,,支付宝,极兔速递,YT56568331029,否,0,数码电器,否
2605000038,2026-04-22 05:02:57,PD00005,男士运动休闲鞋透气款,SKU012,SP00005,41码-白色,4,154.00,616.00,616.00,23.17,592.83,已完成,云南省,云南省,用户676,13878226391,云南省区测试路115号,0,,,花呗分期,申通快递,YT37075925960,否,0,运动户外,否
2605000050,2026-04-22 08:13:24,PD00001,夏季冰丝凉席三件套,SKU002,SP00001,1.8m床-灰色,1,98.77,98.77,98.77,7.96,90.81,已退款,湖北省,武汉,用户39,13872865785,武汉区测试路223号,77.67,不喜欢/效果不好,退款成功,支付宝,韵达快递,YT75264490339,是,0,家居生活,否
2605000284,2026-04-22 18:06:08,PD00006,女士防晒衣轻薄透气,SKU014,SP00006,L码-粉色,2,86.96,173.92,173.92,30.86,143.06,已完成,上海市,上海市,用户131,13880750556,上海市区测试路31号,0,,,支付宝,申通快递,YT17353181478,否,0,服饰内衣,否
2605000291,2026-04-22 21:04:57,PD00007,有机红枣夹核桃500g,SKU016,SP00007,1000g礼盒,1,78.16,78.16,78.16,14.88,63.28,已付款,山东省,青岛,用户640,13816376010,青岛区测试路108号,0,,,支付宝,极兔速递,YT57104419058,否,0,食品生鲜,否
2605000295,2026-04-22 22:14:13,PD00006,女士防晒衣轻薄透气,SKU014,SP00006,L码-粉色,2,43.68,87.36,87.36,17.70,69.66,已发货,云南省,云南省,用户555,13874193329,云南省区测试路47号,0,,,花呗分期,韵达快递,YT33715326136,否,0,服饰内衣,否
2605000412,2026-04-23 03:44:23,PD00001,夏季冰丝凉席三件套,SKU001,SP00001,1.5m床-灰色,2,62.33,124.66,124.66,35.14,89.52,已退款,天津市,天津市,用户591,13840888679,天津市区测试路231号,69.83,商品与描述不符,退款成功,微信支付,极兔速递,YT26531425451,否,0,家居生活,否
2605000261,2026-04-23 03:53:44,PD00003,儿童益智积木拼装玩具,SKU007,SP00003,大颗粒200粒,5,86.44,432.20,432.20,56.43,375.77,已退款,重庆市,重庆市,用户871,13889104379,重庆市区测试路292号,341.09,商品与描述不符,退款成功,花呗分期,中通快递,YT21566850078,否,0,母婴玩具,否
2605000033,2026-04-23 04:09:39,PD00001,夏季冰丝凉席三件套,SKU001,SP00001,1.5m床-灰色,2,79.70,159.40,159.40,34.95,124.45,已退款,江西省,江西省,用户640,13859444190,江西省区测试路81号,100.71,不喜欢/效果不好,退款成功,花呗分期,圆通速递,YT81625145438,否,0,家居生活,否
2605000023,2026-04-23 07:33:27,PD00008,桌面手机支架可折叠,SKU017,SP00008,基础款-黑色,5,14.43,72.15,72.15,4.77,67.38,已发货,北京市,北京市,用户326,13866634505,北京市区测试路60号,0,,,花呗分期,中通快递,YT42443770472,否,0,数码电器,是
2605000343,2026-04-23 13:49:48,PD00002,无线蓝牙耳机Pro版,SKU005,SP00002,白色降噪版,1,241.15,241.15,241.15,18.88,222.27,已付款,辽宁省,辽宁省,用户571,13847960844,辽宁省区测试路22号,0,,,花呗分期,顺丰速运,YT78807670294,否,0,数码电器,否
2605000246,2026-04-23 16:41:29,PD00007,有机红枣夹核桃500g,SKU015,SP00007,500g袋装,2,29.31,58.62,58.62,13.98,44.64,已完成,上海市,上海市,用户735,13897839257,上海市区测试路117号,0,,,微信支付,极兔速递,YT24116772674,否,0,食品生鲜,否
2605000031,2026-04-23 19:07:01,PD00006,女士防晒衣轻薄透气,SKU013,SP00006,M码-浅蓝,5,85.98,429.90,429.90,73.50,356.40,已付款,山东省,青岛,用户908,13858516026,青岛区测试路150号,0,,,微信支付,极兔速递,YT86980730543,否,0,服饰内衣,否
2605000393,2026-04-23 21:05:28,PD00003,儿童益智积木拼装玩具,SKU006,SP00003,大颗粒100粒,2,57.01,114.02,114.02,0.09,113.93,已发货,湖南省,长沙,用户67,13889375024,长沙区测试路277号,0,,,花呗分期,极兔速递,YT69023820136,是,0,母婴玩具,否
2605000016,2026-04-23 22:29:00,PD00006,女士防晒衣轻薄透气,SKU013,SP00006,M码-浅蓝,2,51.77,103.54,103.54,11.68,91.86,待发货,江西省,江西省,用户122,13850198904,江西省区测试路175号,0,,,花呗分期,极兔速递,YT39157998044,否,0,服饰内衣,否
2605000095,2026-04-23 23:01:27,PD00007,有机红枣夹核桃500g,SKU016,SP00007,1000g礼盒,4,48.55,194.20,194.20,8.32,185.88,已发货,云南省,云南省,用户196,13880153010,云南省区测试路16号,0,,,花呗分期,顺丰速运,YT34586698632,否,0,食品生鲜,否
2605000067,2026-04-23 23:59:44,PD00002,无线蓝牙耳机Pro版,SKU004,SP00002,黑色标准版,2,145.74,291.48,291.48,38.97,252.51,已发货,陕西省,陕西省,用户559,13867955698,陕西省区测试路217号,0,,,花呗分期,极兔速递,YT79024555175,否,0,数码电器,否
2605000068,2026-04-24 00:54:36,PD00005,男士运动休闲鞋透气款,SKU012,SP00005,41码-白色,2,136.62,273.24,273.24,20.67,252.57,已发货,江苏省,南京,用户954,13820060745,南京区测试路62号,0,,,花呗分期,中通快递,YT36398479448,否,0,运动户外,是
2605000259,2026-04-24 01:21:34,PD00001,夏季冰丝凉席三件套,SKU001,SP00001,1.5m床-灰色,2,46.57,93.14,93.14,0.18,92.96,已发货,山东省,青岛,用户147,13851155834,青岛区测试路122号,0,,,支付宝,申通快递,YT74751511635,否,0,家居生活,否
2605000248,2026-04-24 02:39:25,PD00001,夏季冰丝凉席三件套,SKU002,SP00001,1.8m床-灰色,2,80.62,161.24,161.24,6.04,155.20,已付款,云南省,云南省,用户56,13859646293,云南省区测试路217号,0,,,花呗分期,极兔速递,YT86258151716,否,0,家居生活,否
2605000137,2026-04-24 03:02:28,PD00006,女士防晒衣轻薄透气,SKU013,SP00006,M码-浅蓝,2,54.13,108.26,108.26,18.52,89.74,已付款,广东省,广州,用户978,13831170715,广州区测试路252号,0,,,支付宝,顺丰速运,YT87759288538,否,0,服饰内衣,否
2605000226,2026-04-24 03:30:52,PD00003,儿童益智积木拼装玩具,SKU006,SP00003,大颗粒100粒,2,46.20,92.40,92.40,7.19,85.21,待发货,云南省,云南省,用户317,13846722251,云南省区测试路78号,0,,,微信支付,顺丰速运,YT71214618853,否,0,母婴玩具,否
2605000166,2026-04-24 10:35:18,PD00008,桌面手机支架可折叠,SKU018,SP00008,升级款-银色,3,29.77,89.31,89.31,13.35,75.96,待发货,云南省,云南省,用户142,13859429366,云南省区测试路176号,0,,,支付宝,申通快递,YT43758276374,否,0,数码电器,否
2605000367,2026-04-24 11:12:31,PD00002,无线蓝牙耳机Pro版,SKU004,SP00002,黑色标准版,2,132.86,265.72,265.72,72.13,193.59,已退款,山东省,青岛,用户231,13854188092,青岛区测试路86号,120.11,商品与描述不符,退款成功,花呗分期,申通快递,YT88246235704,否,0,数码电器,否
2605000000,2026-04-24 11:24:23,PD00005,男士运动休闲鞋透气款,SKU011,SP00005,40码-黑色,2,147.36,294.72,294.72,17.48,277.24,已完成,云南省,云南省,用户867,13815432532,云南省区测试路294号,146.49,七天无理由退货,退款成功,支付宝,中通快递,YT57319907505,否,0,运动户外,否
2605000448,2026-04-24 15:05:31,PD00008,桌面手机支架可折叠,SKU017,SP00008,基础款-黑色,1,16.89,16.89,16.89,1.83,15.06,已发货,河北省,河北省,用户414,13841359043,河北省区测试路198号,0,,,花呗分期,韵达快递,YT94536064463,是,0,数码电器,否
2605000197,2026-04-24 17:42:33,PD00008,桌面手机支架可折叠,SKU017,SP00008,基础款-黑色,4,13.86,55.44,55.44,1.85,53.59,已发货,河南省,郑州,用户714,13859041710,郑州区测试路154号,0,,,微信支付,圆通速递,YT16306682368,否,0,数码电器,否
2605000299,2026-04-24 20:10:19,PD00002,无线蓝牙耳机Pro版,SKU005,SP00002,白色降噪版,3,246.13,738.39,738.39,136.78,601.61,已退款,浙江省,杭州,用户360,13825523565,杭州区测试路289号,431.16,七天无理由退货,退款成功,支付宝,韵达快递,YT37531068253,否,0,数码电器,否
2605000342,2026-04-24 22:23:47,PD00005,男士运动休闲鞋透气款,SKU010,SP00005,39码-黑色,2,126.57,253.14,253.14,5.22,247.92,已退款,安徽省,合肥,用户207,13890849569,合肥区测试路290号,169.18,发错货/漏发,退款成功,支付宝,顺丰速运,YT19575594306,否,0,运动户外,否
2605000196,2026-04-24 22:37:50,PD00003,儿童益智积木拼装玩具,SKU006,SP00003,大颗粒100粒,3,38.64,115.92,115.92,28.46,87.46,已签收,四川省,成都,用户45,13838622738,成都区测试路81号,0,,,支付宝,顺丰速运,YT38997096231,否,0,母婴玩具,否
2605000332,2026-04-24 22:45:48,PD00001,夏季冰丝凉席三件套,SKU001,SP00001,1.5m床-灰色,5,88.49,442.45,442.45,31.85,410.60,待发货,重庆市,重庆市,用户157,13866777786,重庆市区测试路228号,0,,,支付宝,韵达快递,YT83796348025,否,0,家居生活,否
2605000348,2026-04-25 01:52:34,PD00002,无线蓝牙耳机Pro版,SKU004,SP00002,黑色标准版,4,74.20,296.80,296.80,17.89,278.91,已退款,北京市,北京市,用户416,13869445093,北京市区测试路97号,153.45,收到商品破损,退款成功,微信支付,中通快递,YT77226217765,否,0,数码电器,否
2605000416,2026-04-25 02:26:20,PD00008,桌面手机支架可折叠,SKU017,SP00008,基础款-黑色,1,19.55,19.55,19.55,0.86,18.69,已发货,北京市,北京市,用户700,13837465559,北京市区测试路216号,15.35,收到商品破损,退款成功,微信支付,申通快递,YT18494314752,否,0,数码电器,否
2605000062,2026-04-25 11:38:39,PD00002,无线蓝牙耳机Pro版,SKU005,SP00002,白色降噪版,4,176.02,704.08,704.08,171.58,532.50,已退款,上海市,上海市,用户179,13877120061,上海市区测试路293号,462.19,收到商品破损,退款成功,微信支付,申通快递,YT81711576234,否,0,数码电器,是
2605000352,2026-04-25 12:58:11,PD00005,男士运动休闲鞋透气款,SKU012,SP00005,41码-白色,4,146.36,585.44,585.44,70.97,514.47,待发货,河南省,郑州,用户389,13889544295,郑州区测试路122号,0,,,微信支付,申通快递,YT14074940309,否,0,运动户外,是
2605000180,2026-04-25 13:35:18,PD00001,夏季冰丝凉席三件套,SKU001,SP00001,1.5m床-灰色,4,54.25,217.00,217.00,55.06,161.94,已完成,浙江省,杭州,用户638,13879768710,杭州区测试路89号,0,,,微信支付,韵达快递,YT90762274242,否,0,家居生活,否
2605000360,2026-04-25 15:50:39,PD00008,桌面手机支架可折叠,SKU018,SP00008,升级款-银色,5,24.49,122.45,122.45,8.37,114.08,待发货,湖南省,长沙,用户761,13828706748,长沙区测试路114号,0,,,支付宝,极兔速递,YT46725697703,否,0,数码电器,是
2605000392,2026-04-25 16:04:03,PD00008,桌面手机支架可折叠,SKU018,SP00008,升级款-银色,4,18.75,75.00,75.00,16.37,58.63,已完成,四川省,成都,用户752,13895500316,成都区测试路74号,0,,,微信支付,圆通速递,YT97908764441,否,0,数码电器,否
2605000008,2026-04-25 20:55:23,PD00008,桌面手机支架可折叠,SKU018,SP00008,升级款-银色,3,13.50,40.50,40.50,7.98,32.52,已退款,安徽省,合肥,用户617,13823476521,合肥区测试路135号,24.51,收到商品破损,退款成功,花呗分期,中通快递,YT15378105416,否,0,数码电器,否
2605000336,2026-04-25 22:23:29,PD00002,无线蓝牙耳机Pro版,SKU005,SP00002,白色降噪版,5,250.80,1254.00,1254.00,195.12,1058.88,已完成,河南省,郑州,用户633,13814005480,郑州区测试路134号,0,,,微信支付,韵达快递,YT41123130483,否,0,数码电器,否
2605000070,2026-04-25 22:35:05,PD00003,儿童益智积木拼装玩具,SKU007,SP00003,大颗粒200粒,2,114.43,228.86,228.86,42.48,186.38,已退款,广东省,广州,用户566,13816374919,广州区测试路171号,135.22,发错货/漏发,退款成功,支付宝,申通快递,YT33901207881,否,0,母婴玩具,是
2605000309,2026-04-25 23:35:14,PD00004,不锈钢保温杯大容量,SKU008,SP00004,500ml-黑色,5,41.46,207.30,207.30,41.17,166.13,已完成,四川省,成都,用户376,13895158051,成都区测试路70号,0,,,微信支付,顺丰速运,YT16984993209,否,0,家居生活,否
2605000075,2026-04-26 02:13:49,PD00008,桌面手机支架可折叠,SKU018,SP00008,升级款-银色,1,19.17,19.17,19.17,4.71,14.46,已发货,辽宁省,辽宁省,用户495,13814334574,辽宁省区测试路34号,0,,,微信支付,圆通速递,YT76238058285,是,0,数码电器,否
2605000040,2026-04-26 03:13:03,PD00006,女士防晒衣轻薄透气,SKU014,SP00006,L码-粉色,5,75.86,379.30,379.30,41.15,338.15,已发货,广西,广西,用户455,13895331889,广西区测试路299号,0,,,支付宝,韵达快递,YT47495226732,否,0,服饰内衣,否
2605000265,2026-04-26 06:38:21,PD00007,有机红枣夹核桃500g,SKU016,SP00007,1000g礼盒,2,78.36,156.72,156.72,41.40,115.32,已付款,重庆市,重庆市,用户496,13817864432,重庆市区测试路15号,0,,,支付宝,顺丰速运,YT93266005643,否,0,食品生鲜,否
2605000217,2026-04-26 09:12:38,PD00005,男士运动休闲鞋透气款,SKU010,SP00005,39码-黑色,3,101.02,303.06,303.06,54.62,248.44,待发货,湖南省,长沙,用户265,13882480874,长沙区测试路123号,0,,,花呗分期,圆通速递,YT26445920405,否,0,运动户外,否
2605000411,2026-04-26 13:10:18,PD00002,无线蓝牙耳机Pro版,SKU004,SP00002,黑色标准版,2,124.71,249.42,249.42,12.25,237.17,已退款,湖北省,武汉,用户620,13831810360,武汉区测试路23号,199.03,发错货/漏发,退款成功,花呗分期,中通快递,YT36248953080,否,0,数码电器,否
2605000090,2026-04-26 17:12:25,PD00001,夏季冰丝凉席三件套,SKU002,SP00001,1.8m床-灰色,2,98.37,196.74,196.74,54.36,142.38,已发货,河南省,郑州,用户54,13827558752,郑州区测试路95号,0,,,支付宝,极兔速递,YT60424779627,否,0,家居生活,否
2605000140,2026-04-26 19:23:01,PD00003,儿童益智积木拼装玩具,SKU006,SP00003,大颗粒100粒,3,71.47,214.41,214.41,59.27,155.14,已签收,天津市,天津市,用户575,13873175433,天津市区测试路261号,0,,,支付宝,极兔速递,YT47588886805,否,0,母婴玩具,否
2605000240,2026-04-26 20:07:27,PD00001,夏季冰丝凉席三件套,SKU001,SP00001,1.5m床-灰色,1,52.18,52.18,52.18,12.78,39.40,已完成,天津市,天津市,用户600,13843361891,天津市区测试路250号,0,,,微信支付,圆通速递,YT74380320196,否,0,家居生活,否
2605000400,2026-04-26 21:08:26,PD00007,有机红枣夹核桃500g,SKU015,SP00007,500g袋装,2,31.55,63.10,63.10,8.46,54.64,已退款,天津市,天津市,用户352,13821578035,天津市区测试路102号,49.41,七天无理由退货,退款成功,支付宝,圆通速递,YT51154186606,否,0,食品生鲜,否
2605000407,2026-04-26 23:45:14,PD00001,夏季冰丝凉席三件套,SKU002,SP00001,1.8m床-灰色,1,55.49,55.49,55.49,13.73,41.76,已签收,江西省,江西省,用户443,13842795027,江西省区测试路51号,0,,,花呗分期,圆通速递,YT47069518491,否,0,家居生活,否
2605000009,2026-04-27 02:59:25,PD00004,不锈钢保温杯大容量,SKU009,SP00004,800ml-银色,3,44.43,133.29,133.29,32.86,100.43,已发货,上海市,上海市,用户200,13866061084,上海市区测试路94号,0,,,花呗分期,圆通速递,YT11292534811,否,0,家居生活,否
2605000430,2026-04-27 03:42:46,PD00008,桌面手机支架可折叠,SKU018,SP00008,升级款-银色,4,28.33,113.32,113.32,10.11,103.21,已完成,湖南省,长沙,用户137,13851518681,长沙区测试路178号,0,,,支付宝,极兔速递,YT75480692154,否,0,数码电器,否
2605000211,2026-04-27 05:10:17,PD00004,不锈钢保温杯大容量,SKU008,SP00004,500ml-黑色,3,50.34,151.02,151.02,25.19,125.83,已退款,北京市,北京市,用户727,13897627135,北京市区测试路236号,59.68,质量问题,退款成功,支付宝,圆通速递,YT54169590094,否,0,家居生活,否
2605000382,2026-04-27 05:40:15,PD00007,有机红枣夹核桃500g,SKU015,SP00007,500g袋装,5,38.90,194.50,194.50,4.58,189.92,已发货,广西,广西,用户825,13821047724,广西区测试路158号,0,,,支付宝,中通快递,YT59725074302,否,0,食品生鲜,否
2605000221,2026-04-27 06:28:43,PD00005,男士运动休闲鞋透气款,SKU011,SP00005,40码-黑色,1,131.40,131.40,131.40,29.71,101.69,待发货,上海市,上海市,用户820,13870992454,上海市区测试路289号,0,,,花呗分期,极兔速递,YT71032931851,否,0,运动户外,是
2605000003,2026-04-27 06:32:42,PD00001,夏季冰丝凉席三件套,SKU002,SP00001,1.8m床-灰色,1,87.49,87.49,87.49,23.80,63.69,已付款,江苏省,南京,用户145,13866125696,南京区测试路272号,0,,,支付宝,申通快递,YT40696129591,否,0,家居生活,否
2605000039,2026-04-27 12:05:38,PD00006,女士防晒衣轻薄透气,SKU013,SP00006,M码-浅蓝,2,68.13,136.26,136.26,0.84,135.42,已退款,上海市,上海市,用户995,13829715034,上海市区测试路88号,62.81,发错货/漏发,退款成功,支付宝,中通快递,YT24088491348,否,0,服饰内衣,否
2605000041,2026-04-27 13:30:49,PD00007,有机红枣夹核桃500g,SKU016,SP00007,1000g礼盒,2,51.83,103.66,103.66,18.75,84.91,待发货,陕西省,陕西省,用户401,13860506148,陕西省区测试路114号,0,,,支付宝,顺丰速运,YT32607928855,否,0,食品生鲜,否
2605000015,2026-04-27 18:20:36,PD00005,男士运动休闲鞋透气款,SKU011,SP00005,40码-黑色,1,80.76,80.76,80.76,8.60,72.16,待发货,河北省,河北省,用户941,13875364101,河北省区测试路71号,0,,,微信支付,中通快递,YT28123182683,否,0,运动户外,否
2605000376,2026-04-27 19:06:39,PD00006,女士防晒衣轻薄透气,SKU014,SP00006,L码-粉色,1,67.68,67.68,67.68,4.81,62.87,已付款,重庆市,重庆市,用户642,13836336602,重庆市区测试路256号,0,,,支付宝,韵达快递,YT72728035164,否,0,服饰内衣,否
2605000390,2026-04-27 20:03:31,PD00001,夏季冰丝凉席三件套,SKU003,SP00001,1.5m床-蓝色,5,45.15,225.75,225.75,8.61,217.14,已付款,安徽省,合肥,用户565,13825255495,合肥区测试路85号,0,,,微信支付,顺丰速运,YT13413137907,是,0,家居生活,否
2605000279,2026-04-28 04:39:16,PD00002,无线蓝牙耳机Pro版,SKU005,SP00002,白色降噪版,1,220.38,220.38,220.38,22.13,198.25,已退款,福建省,厦门,用户619,13851038148,厦门区测试路94号,166.20,发错货/漏发,退款成功,花呗分期,极兔速递,YT98910688801,是,0,数码电器,否
2605000104,2026-04-28 06:06:57,PD00007,有机红枣夹核桃500g,SKU016,SP00007,1000g礼盒,4,35.11,140.44,140.44,28.56,111.88,已完成,云南省,云南省,用户725,13857292782,云南省区测试路181号,0,,,微信支付,中通快递,YT81955039506,否,0,食品生鲜,否
2605000055,2026-04-28 06:39:30,PD00004,不锈钢保温杯大容量,SKU008,SP00004,500ml-黑色,1,49.72,49.72,49.72,4.30,45.42,已退款,湖南省,长沙,用户743,13834371972,长沙区测试路103号,43.36,质量问题,退款成功,支付宝,极兔速递,YT65891550793,否,0,家居生活,否
2605000438,2026-04-28 07:59:37,PD00008,桌面手机支架可折叠,SKU018,SP00008,升级款-银色,4,25.62,102.48,102.48,30.22,72.26,已发货,云南省,云南省,用户258,13818137326,云南省区测试路194号,0,,,微信支付,中通快递,YT42102903217,否,0,数码电器,否
2605000154,2026-04-28 09:53:42,PD00001,夏季冰丝凉席三件套,SKU001,SP00001,1.5m床-灰色,1,80.01,80.01,80.01,6.93,73.08,待发货,湖北省,武汉,用户254,13877841533,武汉区测试路28号,0,,,支付宝,极兔速递,YT61796770284,否,0,家居生活,否
2605000349,2026-04-28 13:57:50,PD00003,儿童益智积木拼装玩具,SKU007,SP00003,大颗粒200粒,2,114.49,228.98,228.98,27.45,201.53,已签收,北京市,北京市,用户752,13837863338,北京市区测试路138号,0,,,微信支付,圆通速递,YT14726110189,否,0,母婴玩具,否
2605000310,2026-04-28 14:57:38,PD00007,有机红枣夹核桃500g,SKU016,SP00007,1000g礼盒,4,70.16,280.64,280.64,32.13,248.51,已签收,天津市,天津市,用户484,13855104416,天津市区测试路123号,0,,,微信支付,顺丰速运,YT81344217077,否,0,食品生鲜,否
2605000115,2026-04-28 15:05:55,PD00005,男士运动休闲鞋透气款,SKU010,SP00005,39码-黑色,1,79.20,79.20,79.20,21.30,57.90,已退款,广东省,广州,用户650,13861377529,广州区测试路27号,20.40,质量问题,退款成功,花呗分期,中通快递,YT42656952654,否,0,运动户外,否
2605000013,2026-04-28 18:43:40,PD00007,有机红枣夹核桃500g,SKU016,SP00007,1000g礼盒,3,84.68,254.04,254.04,66.13,187.91,待发货,江西省,江西省,用户271,13867732792,江西省区测试路116号,0,,,花呗分期,韵达快递,YT78520713170,否,0,食品生鲜,否
2605000061,2026-04-28 22:26:59,PD00003,儿童益智积木拼装玩具,SKU007,SP00003,大颗粒200粒,4,56.30,225.20,225.20,38.25,186.95,已退款,山东省,青岛,用户223,13847901530,青岛区测试路119号,71.25,七天无理由退货,退款成功,花呗分期,韵达快递,YT28092944632,否,0,母婴玩具,否
2605000135,2026-04-28 23:40:35,PD00005,男士运动休闲鞋透气款,SKU010,SP00005,39码-黑色,2,97.50,195.00,195.00,47.47,147.53,已签收,湖北省,武汉,用户76,13817989496,武汉区测试路85号,0,,,微信支付,申通快递,YT48531558647,否,0,运动户外,是
2605000147,2026-04-29 00:36:49,PD00007,有机红枣夹核桃500g,SKU015,SP00007,500g袋装,2,34.05,68.10,68.10,13.55,54.55,已签收,湖北省,武汉,用户857,13817169985,武汉区测试路185号,0,,,微信支付,申通快递,YT32404230804,否,0,食品生鲜,否
2605000117,2026-04-29 03:03:25,PD00002,无线蓝牙耳机Pro版,SKU004,SP00002,黑色标准版,2,90.02,180.04,180.04,13.22,166.82,已发货,重庆市,重庆市,用户181,13866223358,重庆市区测试路120号,0,,,花呗分期,极兔速递,YT55912172654,否,0,数码电器,否
2605000281,2026-04-29 05:09:25,PD00007,有机红枣夹核桃500g,SKU015,SP00007,500g袋装,1,47.19,47.19,47.19,2.96,44.23,已完成,重庆市,重庆市,用户803,13867698060,重庆市区测试路110号,0,,,支付宝,中通快递,YT56729961321,否,0,食品生鲜,否
2605000280,2026-04-29 19:53:32,PD00007,有机红枣夹核桃500g,SKU015,SP00007,500g袋装,3,46.96,140.88,140.88,41.23,99.65,已付款,湖北省,武汉,用户222,13832854576,武汉区测试路23号,0,,,支付宝,中通快递,YT89886328499,否,0,食品生鲜,否
2605000388,2026-04-29 20:00:52,PD00006,女士防晒衣轻薄透气,SKU014,SP00006,L码-粉色,5,80.91,404.55,404.55,115.41,289.14,已付款,北京市,北京市,用户627,13827522286,北京市区测试路129号,0,,,微信支付,申通快递,YT78952056514,否,0,服饰内衣,否
2605000395,2026-04-29 22:20:58,PD00006,女士防晒衣轻薄透气,SKU013,SP00006,M码-浅蓝,1,40.53,40.53,40.53,4.99,35.54,已完成,上海市,上海市,用户501,13824735405,上海市区测试路285号,0,,,微信支付,顺丰速运,YT55486148697,否,0,服饰内衣,否
2605000019,2026-04-30 04:16:39,PD00005,男士运动休闲鞋透气款,SKU011,SP00005,40码-黑色,1,100.99,100.99,100.99,8.86,92.13,已退款,北京市,北京市,用户874,13814433900,北京市区测试路156号,80.05,不喜欢/效果不好,退款成功,支付宝,中通快递,YT39701997245,否,0,运动户外,是
2605000251,2026-04-30 13:17:03,PD00002,无线蓝牙耳机Pro版,SKU004,SP00002,黑色标准版,1,147.70,147.70,147.70,12.54,135.16,已完成,辽宁省,辽宁省,用户641,13817100050,辽宁省区测试路178号,0,,,支付宝,顺丰速运,YT19530759494,否,0,数码电器,是
2605000301,2026-04-30 17:10:27,PD00001,夏季冰丝凉席三件套,SKU002,SP00001,1.8m床-灰色,2,89.08,178.16,178.16,22.90,155.26,已完成,河南省,郑州,用户984,13866762786,郑州区测试路257号,0,,,支付宝,极兔速递,YT74826171859,否,0,家居生活,否
2605000379,2026-04-30 19:39:02,PD00004,不锈钢保温杯大容量,SKU008,SP00004,500ml-黑色,1,59.06,59.06,59.06,8.76,50.30,已签收,广西,广西,用户40,13841198632,广西区测试路174号,0,,,花呗分期,顺丰速运,YT96205763510,否,0,家居生活,否
2605000213,2026-04-30 21:12:22,PD00004,不锈钢保温杯大容量,SKU008,SP00004,500ml-黑色,5,55.00,275.00,275.00,6.29,268.71,已完成,山东省,青岛,用户286,13839532293,青岛区测试路174号,0,,,支付宝,极兔速递,YT73877043495,否,0,家居生活,否
2605000241,2026-04-30 22:12:35,PD00005,男士运动休闲鞋透气款,SKU011,SP00005,40码-黑色,3,115.07,345.21,345.21,30.68,314.53,已签收,广西,广西,用户158,13820718672,广西区测试路232号,0,,,微信支付,极兔速递,YT83702148188,否,0,运动户外,否
2605000074,2026-05-01 00:55:29,PD00002,无线蓝牙耳机Pro版,SKU005,SP00002,白色降噪版,5,171.81,859.05,859.05,162.77,696.28,已退款,广东省,广州,用户229,13837072619,广州区测试路140号,385.47,物流太慢,退款成功,花呗分期,韵达快递,YT11520668944,否,0,数码电器,是
2605000364,2026-05-01 04:19:41,PD00003,儿童益智积木拼装玩具,SKU006,SP00003,大颗粒100粒,4,52.61,210.44,210.44,44.13,166.31,已签收,福建省,厦门,用户898,13882547612,厦门区测试路144号,0,,,微信支付,顺丰速运,YT11868487928,是,0,母婴玩具,是
2605000230,2026-05-01 05:05:41,PD00006,女士防晒衣轻薄透气,SKU014,SP00006,L码-粉色,3,70.09,210.27,210.27,48.93,161.34,已付款,四川省,成都,用户198,13842818070,成都区测试路11号,160.27,质量问题,退款成功,微信支付,顺丰速运,YT61746058944,否,0,服饰内衣,否
2605000269,2026-05-01 18:45:10,PD00004,不锈钢保温杯大容量,SKU008,SP00004,500ml-黑色,2,24.60,49.20,49.20,4.88,44.32,已发货,湖南省,长沙,用户132,13812836210,长沙区测试路212号,0,,,支付宝,极兔速递,YT27656041340,否,0,家居生活,否
2605000242,2026-05-01 20:15:39,PD00004,不锈钢保温杯大容量,SKU008,SP00004,500ml-黑色,3,28.38,85.14,85.14,21.33,63.81,已签收,浙江省,杭州,用户494,13871832990,杭州区测试路285号,0,,,支付宝,顺丰速运,YT37481459964,否,0,家居生活,否
2605000425,2026-05-02 02:24:42,PD00004,不锈钢保温杯大容量,SKU008,SP00004,500ml-黑色,3,34.53,103.59,103.59,0.15,103.44,待发货,天津市,天津市,用户826,13850746489,天津市区测试路235号,102.99,物流太慢,退款成功,花呗分期,申通快递,YT83707864382,是,0,家居生活,否
2605000123,2026-05-02 05:39:33,PD00003,儿童益智积木拼装玩具,SKU006,SP00003,大颗粒100粒,3,69.21,207.63,207.63,60.86,146.77,待发货,辽宁省,辽宁省,用户191,13899068225,辽宁省区测试路14号,0,,,花呗分期,顺丰速运,YT53823265509,否,0,母婴玩具,否
2605000406,2026-05-02 08:37:40,PD00005,男士运动休闲鞋透气款,SKU012,SP00005,41码-白色,5,95.84,479.20,479.20,142.55,336.65,已完成,河南省,郑州,用户718,13837818877,郑州区测试路257号,0,,,支付宝,韵达快递,YT95586594829,否,0,运动户外,否
2605000235,2026-05-02 11:12:18,PD00001,夏季冰丝凉席三件套,SKU001,SP00001,1.5m床-灰色,2,80.87,161.74,161.74,4.82,156.92,已签收,湖南省,长沙,用户175,13851388031,长沙区测试路116号,0,,,支付宝,圆通速递,YT79127896409,否,0,家居生活,是
2605000383,2026-05-02 13:12:29,PD00006,女士防晒衣轻薄透气,SKU014,SP00006,L码-粉色,2,76.49,152.98,152.98,36.13,116.85,已完成,广西,广西,用户885,13838984120,广西区测试路204号,0,,,花呗分期,顺丰速运,YT79018105581,否,0,服饰内衣,否
2605000260,2026-05-02 16:11:26,PD00007,有机红枣夹核桃500g,SKU015,SP00007,500g袋装,4,21.51,86.04,86.04,6.57,79.47,已发货,湖北省,武汉,用户961,13896289104,武汉区测试路173号,0,,,微信支付,圆通速递,YT69816970389,否,0,食品生鲜,是
2605000201,2026-05-03 11:20:46,PD00003,儿童益智积木拼装玩具,SKU007,SP00003,大颗粒200粒,4,83.58,334.32,334.32,49.85,284.47,已退款,山东省,青岛,用户499,13895927347,青岛区测试路31号,147.34,收到商品破损,退款成功,微信支付,韵达快递,YT18261058663,否,0,母婴玩具,否
2605000353,2026-05-03 13:33:17,PD00004,不锈钢保温杯大容量,SKU009,SP00004,800ml-银色,2,69.90,139.80,139.80,13.24,126.56,已发货,河北省,河北省,用户903,13875841301,河北省区测试路168号,0,,,支付宝,极兔速递,YT85858013871,是,0,家居生活,否
2605000250,2026-05-04 00:40:05,PD00007,有机红枣夹核桃500g,SKU015,SP00007,500g袋装,1,45.06,45.06,45.06,4.12,40.94,待发货,安徽省,合肥,用户137,13860068020,合肥区测试路95号,23.35,商品与描述不符,退款成功,花呗分期,圆通速递,YT69157089023,否,0,食品生鲜,否
2605000025,2026-05-04 03:47:18,PD00004,不锈钢保温杯大容量,SKU008,SP00004,500ml-黑色,1,44.73,44.73,44.73,9.75,34.98,已发货,山东省,青岛,用户359,13866832261,青岛区测试路174号,0,,,微信支付,顺丰速运,YT34104406987,否,0,家居生活,否
2605000274,2026-05-04 04:41:52,PD00007,有机红枣夹核桃500g,SKU016,SP00007,1000g礼盒,4,79.12,316.48,316.48,26.43,290.05,待发货,安徽省,合肥,用户178,13883363964,合肥区测试路89号,0,,,支付宝,极兔速递,YT59961884053,否,0,食品生鲜,否
2605000133,2026-05-04 04:58:55,PD00003,儿童益智积木拼装玩具,SKU006,SP00003,大颗粒100粒,5,63.05,315.25,315.25,26.97,288.28,待发货,河南省,郑州,用户562,13815696855,郑州区测试路284号,236.73,质量问题,退款成功,花呗分期,圆通速递,YT36287027783,否,0,母婴玩具,否
2605000172,2026-05-04 12:13:15,PD00006,女士防晒衣轻薄透气,SKU013,SP00006,M码-浅蓝,5,75.76,378.80,378.80,16.18,362.62,已发货,湖南省,长沙,用户108,13841132089,长沙区测试路223号,0,,,花呗分期,韵达快递,YT75248094944,否,0,服饰内衣,是
2605000232,2026-05-04 15:47:47,PD00005,男士运动休闲鞋透气款,SKU011,SP00005,40码-黑色,4,83.84,335.36,335.36,55.12,280.24,已发货,福建省,厦门,用户694,13843670951,厦门区测试路198号,0,,,花呗分期,韵达快递,YT19440438080,否,0,运动户外,是
2605000431,2026-05-04 16:28:05,PD00001,夏季冰丝凉席三件套,SKU003,SP00001,1.5m床-蓝色,4,86.64,346.56,346.56,79.08,267.48,已退款,山东省,青岛,用户317,13851435303,青岛区测试路189号,130.73,质量问题,退款成功,花呗分期,韵达快递,YT40473520531,是,0,家居生活,否
2605000105,2026-05-04 17:14:56,PD00002,无线蓝牙耳机Pro版,SKU005,SP00002,白色降噪版,3,201.33,603.99,603.99,110.48,493.51,已退款,辽宁省,辽宁省,用户706,13855103606,辽宁省区测试路235号,297.57,质量问题,退款成功,微信支付,申通快递,YT69408969036,否,0,数码电器,是
2605000207,2026-05-04 22:16:58,PD00002,无线蓝牙耳机Pro版,SKU005,SP00002,白色降噪版,2,211.68,423.36,423.36,89.65,333.71,已发货,陕西省,陕西省,用户930,13816741518,陕西省区测试路16号,0,,,微信支付,圆通速递,YT26122867108,否,0,数码电器,否
2605000445,2026-05-05 00:40:53,PD00008,桌面手机支架可折叠,SKU018,SP00008,升级款-银色,3,22.66,67.98,67.98,5.94,62.04,已发货,四川省,成都,用户697,13831256532,成都区测试路177号,0,,,微信支付,顺丰速运,YT48160226180,否,0,数码电器,否
2605000263,2026-05-05 02:22:59,PD00006,女士防晒衣轻薄透气,SKU014,SP00006,L码-粉色,3,82.51,247.53,247.53,72.57,174.96,已退款,广西,广西,用户849,13879584482,广西区测试路45号,135.30,发错货/漏发,退款成功,支付宝,极兔速递,YT44522250699,否,0,服饰内衣,否
2605000371,2026-05-05 10:04:23,PD00003,儿童益智积木拼装玩具,SKU006,SP00003,大颗粒100粒,3,45.49,136.47,136.47,32.40,104.07,待发货,广东省,广州,用户558,13849002918,广州区测试路100号,0,,,微信支付,韵达快递,YT37645133191,否,0,母婴玩具,否
2605000155,2026-05-05 10:54:55,PD00006,女士防晒衣轻薄透气,SKU014,SP00006,L码-粉色,4,74.71,298.84,298.84,54.60,244.24,已发货,辽宁省,辽宁省,用户465,13842839484,辽宁省区测试路61号,0,,,微信支付,极兔速递,YT37301128321,否,0,服饰内衣,否
2605000127,2026-05-05 13:39:54,PD00003,儿童益智积木拼装玩具,SKU006,SP00003,大颗粒100粒,4,69.10,276.40,276.40,41.52,234.88,已签收,湖北省,武汉,用户773,13856680389,武汉区测试路212号,0,,,微信支付,申通快递,YT90096248166,否,0,母婴玩具,否
2605000270,2026-05-05 15:31:46,PD00006,女士防晒衣轻薄透气,SKU013,SP00006,M码-浅蓝,4,43.24,172.96,172.96,1.28,171.68,已付款,陕西省,陕西省,用户988,13814773433,陕西省区测试路89号,0,,,微信支付,中通快递,YT71355762933,否,0,服饰内衣,是
2605000305,2026-05-06 00:18:06,PD00005,男士运动休闲鞋透气款,SKU012,SP00005,41码-白色,1,158.24,158.24,158.24,32.88,125.36,已退款,云南省,云南省,用户388,13869439734,云南省区测试路126号,113.13,不喜欢/效果不好,退款成功,支付宝,申通快递,YT35565482475,否,0,运动户外,是
2605000362,2026-05-06 03:06:00,PD00006,女士防晒衣轻薄透气,SKU014,SP00006,L码-粉色,2,70.14,140.28,140.28,21.35,118.93,已签收,安徽省,合肥,用户501,13884755196,合肥区测试路36号,61.37,七天无理由退货,退款成功,微信支付,韵达快递,YT99166130103,否,0,服饰内衣,否
2605000076,2026-05-06 03:35:11,PD00003,儿童益智积木拼装玩具,SKU006,SP00003,大颗粒100粒,4,32.46,129.84,129.84,26.83,103.01,待发货,江苏省,南京,用户884,13849804740,南京区测试路91号,0,,,花呗分期,申通快递,YT90630056080,否,0,母婴玩具,是
2605000449,2026-05-06 07:28:47,PD00008,桌面手机支架可折叠,SKU017,SP00008,基础款-黑色,1,11.16,11.16,11.16,2.41,8.75,已付款,湖北省,武汉,用户651,13885969179,武汉区测试路285号,0,,,微信支付,韵达快递,YT64688664231,否,0,数码电器,否
2605000414,2026-05-06 07:48:01,PD00008,桌面手机支架可折叠,SKU017,SP00008,基础款-黑色,5,13.22,66.10,66.10,7.80,58.30,已退款,上海市,上海市,用户515,13897063178,上海市区测试路57号,29.82,收到商品破损,退款成功,花呗分期,圆通速递,YT52744807993,否,0,数码电器,是
2605000366,2026-05-06 08:28:01,PD00001,夏季冰丝凉席三件套,SKU003,SP00001,1.5m床-蓝色,2,54.75,109.50,109.50,24.79,84.71,已签收,江西省,江西省,用户705,13859669664,江西省区测试路75号,26.05,发错货/漏发,退款成功,花呗分期,申通快递,YT48474008351,是,0,家居生活,是
2605000311,2026-05-06 11:11:08,PD00003,儿童益智积木拼装玩具,SKU007,SP00003,大颗粒200粒,5,79.75,398.75,398.75,113.87,284.88,已完成,北京市,北京市,用户315,13886650524,北京市区测试路29号,0,,,支付宝,中通快递,YT35721002289,否,0,母婴玩具,否
2605000218,2026-05-06 12:01:08,PD00005,男士运动休闲鞋透气款,SKU010,SP00005,39码-黑色,2,148.03,296.06,296.06,18.65,277.41,已退款,福建省,厦门,用户116,13895645216,厦门区测试路260号,186.13,发错货/漏发,退款成功,微信支付,韵达快递,YT93066797859,否,0,运动户外,是
2605000447,2026-05-06 16:31:32,PD00004,不锈钢保温杯大容量,SKU008,SP00004,500ml-黑色,5,51.43,257.15,257.15,3.23,253.92,已签收,上海市,上海市,用户828,13876577469,上海市区测试路293号,0,,,微信支付,申通快递,YT45680345953,否,0,家居生活,否
2605000119,2026-05-06 16:44:52,PD00002,无线蓝牙耳机Pro版,SKU005,SP00002,白色降噪版,5,198.87,994.35,994.35,259.04,735.31,已付款,辽宁省,辽宁省,用户358,13885970237,辽宁省区测试路59号,0,,,花呗分期,圆通速递,YT99578677292,否,0,数码电器,是
2605000355,2026-05-06 17:08:06,PD00001,夏季冰丝凉席三件套,SKU001,SP00001,1.5m床-灰色,3,94.67,284.01,284.01,50.29,233.72,已付款,天津市,天津市,用户512,13869721156,天津市区测试路128号,0,,,支付宝,韵达快递,YT49246055790,否,0,家居生活,否
2605000372,2026-05-06 18:57:10,PD00007,有机红枣夹核桃500g,SKU016,SP00007,1000g礼盒,5,43.52,217.60,217.60,13.60,204.00,已退款,河北省,河北省,用户542,13832680489,河北省区测试路254号,143.26,不喜欢/效果不好,退款成功,支付宝,韵达快递,YT98501523235,否,0,食品生鲜,是
2605000072,2026-05-06 23:44:26,PD00001,夏季冰丝凉席三件套,SKU001,SP00001,1.5m床-灰色,1,67.91,67.91,67.91,2.48,65.43,已付款,湖北省,武汉,用户946,13853724212,武汉区测试路169号,0,,,微信支付,申通快递,YT60019199011,否,0,家居生活,否
2605000417,2026-05-07 04:01:36,PD00002,无线蓝牙耳机Pro版,SKU005,SP00002,白色降噪版,2,135.15,270.30,270.30,59.93,210.37,已签收,浙江省,杭州,用户84,13878212902,杭州区测试路3号,0,,,微信支付,中通快递,YT84118243279,否,0,数码电器,否
2605000304,2026-05-07 05:34:43,PD00004,不锈钢保温杯大容量,SKU008,SP00004,500ml-黑色,3,49.37,148.11,148.11,41.89,106.22,已退款,安徽省,合肥,用户682,13891391235,合肥区测试路139号,80.39,发错货/漏发,退款成功,支付宝,中通快递,YT38105451392,否,0,家居生活,否
2605000223,2026-05-07 06:03:44,PD00005,男士运动休闲鞋透气款,SKU010,SP00005,39码-黑色,4,125.70,502.80,502.80,47.05,455.75,已发货,天津市,天津市,用户716,13884701601,天津市区测试路274号,398.88,发错货/漏发,退款成功,花呗分期,申通快递,YT37280569435,否,0,运动户外,否
2605000243,2026-05-07 06:37:56,PD00008,桌面手机支架可折叠,SKU018,SP00008,升级款-银色,4,19.65,78.60,78.60,8.02,70.58,已发货,云南省,云南省,用户377,13844680060,云南省区测试路47号,0,,,微信支付,中通快递,YT86589973248,否,0,数码电器,否
2605000053,2026-05-07 08:25:29,PD00004,不锈钢保温杯大容量,SKU009,SP00004,800ml-银色,1,31.99,31.99,31.99,5.16,26.83,待发货,河南省,郑州,用户680,13853664846,郑州区测试路151号,0,,,花呗分期,圆通速递,YT15317038820,否,0,家居生活,否
2605000136,2026-05-07 16:19:45,PD00006,女士防晒衣轻薄透气,SKU013,SP00006,M码-浅蓝,1,62.43,62.43,62.43,15.98,46.45,待发货,广东省,广州,用户857,13816068455,广州区测试路271号,0,,,支付宝,韵达快递,YT67171674284,否,0,服饰内衣,否
2605000433,2026-05-07 17:37:08,PD00007,有机红枣夹核桃500g,SKU015,SP00007,500g袋装,4,47.57,190.28,190.28,12.06,178.22,已完成,天津市,天津市,用户575,13824401602,天津市区测试路4号,0,,,微信支付,圆通速递,YT38769622437,否,0,食品生鲜,否
2605000113,2026-05-07 20:22:28,PD00008,桌面手机支架可折叠,SKU018,SP00008,升级款-银色,1,23.86,23.86,23.86,3.02,20.84,待发货,江西省,江西省,用户570,13854739821,江西省区测试路190号,0,,,支付宝,韵达快递,YT69106066160,否,0,数码电器,否
2605000069,2026-05-08 00:35:44,PD00005,男士运动休闲鞋透气款,SKU010,SP00005,39码-黑色,1,64.16,64.16,64.16,9.45,54.71,已发货,北京市,北京市,用户998,13845171604,北京市区测试路188号,0,,,支付宝,中通快递,YT64214988790,否,0,运动户外,否
2605000022,2026-05-08 01:21:56,PD00004,不锈钢保温杯大容量,SKU009,SP00004,800ml-银色,3,70.02,210.06,210.06,32.66,177.40,待发货,河北省,河北省,用户557,13890988073,河北省区测试路229号,0,,,花呗分期,顺丰速运,YT59119795003,否,0,家居生活,否
2605000222,2026-05-08 08:45:02,PD00006,女士防晒衣轻薄透气,SKU014,SP00006,L码-粉色,2,48.26,96.52,96.52,14.69,81.83,待发货,湖北省,武汉,用户771,13880441857,武汉区测试路75号,0,,,支付宝,韵达快递,YT79216107763,否,0,服饰内衣,是
2605000314,2026-05-09 02:14:10,PD00002,无线蓝牙耳机Pro版,SKU004,SP00002,黑色标准版,5,92.80,464.00,464.00,72.11,391.89,已付款,湖北省,武汉,用户169,13894036440,武汉区测试路233号,0,,,支付宝,申通快递,YT53750688043,否,0,数码电器,否
2605000224,2026-05-09 07:31:18,PD00003,儿童益智积木拼装玩具,SKU006,SP00003,大颗粒100粒,1,55.64,55.64,55.64,8.21,47.43,已签收,安徽省,合肥,用户190,13819442431,合肥区测试路100号,0,,,花呗分期,顺丰速运,YT39479903568,是,0,母婴玩具,否
2605000208,2026-05-09 08:23:44,PD00003,儿童益智积木拼装玩具,SKU007,SP00003,大颗粒200粒,2,90.59,181.18,181.18,43.45,137.73,已完成,北京市,北京市,用户769,13884053319,北京市区测试路266号,0,,,花呗分期,中通快递,YT83879433572,否,0,母婴玩具,否
2605000225,2026-05-09 08:30:50,PD00005,男士运动休闲鞋透气款,SKU010,SP00005,39码-黑色,1,92.61,92.61,92.61,5.98,86.63,已签收,安徽省,合肥,用户264,13887642508,合肥区测试路298号,0,,,支付宝,韵达快递,YT78015049236,否,0,运动户外,否
2605000245,2026-05-09 10:41:49,PD00008,桌面手机支架可折叠,SKU017,SP00008,基础款-黑色,2,9.10,18.20,18.20,3.73,14.47,待发货,江西省,江西省,用户711,13867775198,江西省区测试路175号,0,,,支付宝,圆通速递,YT93163295629,否,0,数码电器,否
2605000330,2026-05-09 12:59:21,PD00002,无线蓝牙耳机Pro版,SKU005,SP00002,白色降噪版,4,136.69,546.76,546.76,147.92,398.84,已发货,安徽省,合肥,用户371,13846781801,合肥区测试路242号,0,,,花呗分期,圆通速递,YT21911804744,否,0,数码电器,是
2605000125,2026-05-09 13:39:47,PD00007,有机红枣夹核桃500g,SKU016,SP00007,1000g礼盒,3,63.69,191.07,191.07,17.83,173.24,已签收,天津市,天津市,用户842,13890231104,天津市区测试路32号,0,,,花呗分期,申通快递,YT86456932948,否,0,食品生鲜,否
2605000315,2026-05-09 15:44:41,PD00003,儿童益智积木拼装玩具,SKU006,SP00003,大颗粒100粒,1,38.53,38.53,38.53,5.85,32.68,待发货,上海市,上海市,用户366,13846723567,上海市区测试路91号,17.47,发错货/漏发,退款成功,花呗分期,中通快递,YT90273754987,否,0,母婴玩具,否
2605000313,2026-05-09 17:14:58,PD00006,女士防晒衣轻薄透气,SKU013,SP00006,M码-浅蓝,4,56.29,225.16,225.16,32.57,192.59,已发货,河南省,郑州,用户691,13849911208,郑州区测试路186号,0,,,微信支付,中通快递,YT62952197757,否,0,服饰内衣,否
2605000408,2026-05-09 22:38:39,PD00002,无线蓝牙耳机Pro版,SKU005,SP00002,白色降噪版,2,217.75,435.50,435.50,56.74,378.76,已付款,北京市,北京市,用户619,13821972941,北京市区测试路194号,0,,,花呗分期,圆通速递,YT98819661288,否,0,数码电器,否
2605000257,2026-05-09 23:14:48,PD00008,桌面手机支架可折叠,SKU017,SP00008,基础款-黑色,4,11.94,47.76,47.76,1.88,45.88,已签收,福建省,厦门,用户374,13866336959,厦门区测试路115号,0,,,花呗分期,顺丰速运,YT82997690488,否,0,数码电器,否
2605000238,2026-05-10 04:57:35,PD00002,无线蓝牙耳机Pro版,SKU004,SP00002,黑色标准版,1,71.15,71.15,71.15,5.91,65.24,待发货,河北省,河北省,用户245,13851395270,河北省区测试路71号,0,,,微信支付,极兔速递,YT58406279417,否,0,数码电器,否
2605000415,2026-05-10 07:58:51,PD00005,男士运动休闲鞋透气款,SKU011,SP00005,40码-黑色,3,99.72,299.16,299.16,51.91,247.25,已完成,湖北省,武汉,用户730,13846969520,武汉区测试路29号,0,,,花呗分期,极兔速递,YT85088440349,是,0,运动户外,否
2605000333,2026-05-10 08:04:18,PD00001,夏季冰丝凉席三件套,SKU001,SP00001,1.5m床-灰色,4,44.46,177.84,177.84,44.49,133.35,已签收,辽宁省,辽宁省,用户574,13843674785,辽宁省区测试路13号,0,,,花呗分期,申通快递,YT65295743882,否,0,家居生活,否
2605000024,2026-05-10 13:07:29,PD00003,儿童益智积木拼装玩具,SKU006,SP00003,大颗粒100粒,2,40.16,80.32,80.32,21.03,59.29,已签收,江西省,江西省,用户221,13834835581,江西省区测试路196号,0,,,微信支付,极兔速递,YT40776553328,否,0,母婴玩具,否
2605000149,2026-05-10 23:22:44,PD00004,不锈钢保温杯大容量,SKU009,SP00004,800ml-银色,1,41.37,41.37,41.37,6.29,35.08,已签收,湖北省,武汉,用户53,13813270092,武汉区测试路37号,0,,,微信支付,圆通速递,YT69788497896,否,0,家居生活,否
2605000368,2026-05-11 09:37:01,PD00006,女士防晒衣轻薄透气,SKU014,SP00006,L码-粉色,2,64.07,128.14,128.14,27.67,100.47,已发货,重庆市,重庆市,用户83,13812545492,重庆市区测试路229号,0,,,花呗分期,圆通速递,YT18433743039,否,0,服饰内衣,否
2605000271,2026-05-12 02:05:04,PD00006,女士防晒衣轻薄透气,SKU014,SP00006,L码-粉色,1,79.72,79.72,79.72,3.02,76.70,已付款,河南省,郑州,用户376,13889844218,郑州区测试路103号,0,,,微信支付,圆通速递,YT90238474962,否,0,服饰内衣,否
2605000027,2026-05-12 02:15:20,PD00008,桌面手机支架可折叠,SKU018,SP00008,升级款-银色,3,30.19,90.57,90.57,6.62,83.95,已付款,陕西省,陕西省,用户357,13841941990,陕西省区测试路245号,0,,,微信支付,中通快递,YT74730892824,否,0,数码电器,否
2605000060,2026-05-12 02:56:56,PD00001,夏季冰丝凉席三件套,SKU001,SP00001,1.5m床-灰色,5,69.38,346.90,346.90,27.22,319.68,已发货,江西省,江西省,用户340,13813035989,江西省区测试路274号,0,,,微信支付,圆通速递,YT27984211918,否,0,家居生活,否
2605000057,2026-05-12 04:55:00,PD00002,无线蓝牙耳机Pro版,SKU004,SP00002,黑色标准版,4,163.28,653.12,653.12,59.73,593.39,已签收,江苏省,南京,用户440,13834143327,南京区测试路166号,0,,,花呗分期,圆通速递,YT27800616912,否,0,数码电器,否
2605000444,2026-05-12 11:48:28,PD00008,桌面手机支架可折叠,SKU018,SP00008,升级款-银色,3,16.62,49.86,49.86,14.76,35.10,已签收,重庆市,重庆市,用户324,13895026211,重庆市区测试路77号,0,,,花呗分期,极兔速递,YT21489802185,否,0,数码电器,否
2605000099,2026-05-12 13:22:15,PD00002,无线蓝牙耳机Pro版,SKU004,SP00002,黑色标准版,3,73.47,220.41,220.41,52.24,168.17,已付款,湖南省,长沙,用户917,13812352358,长沙区测试路39号,0,,,支付宝,圆通速递,YT21420143534,否,0,数码电器,否
2605000059,2026-05-12 16:26:58,PD00006,女士防晒衣轻薄透气,SKU013,SP00006,M码-浅蓝,1,63.18,63.18,63.18,13.45,49.73,已签收,河北省,河北省,用户841,13893162338,河北省区测试路285号,0,,,支付宝,圆通速递,YT20256125319,否,0,服饰内衣,否
2605000435,2026-05-12 17:17:43,PD00006,女士防晒衣轻薄透气,SKU014,SP00006,L码-粉色,3,80.88,242.64,242.64,43.25,199.39,已退款,福建省,厦门,用户598,13877421342,厦门区测试路202号,77.08,收到商品破损,退款成功,花呗分期,圆通速递,YT24305559708,是,0,服饰内衣,否
2605000084,2026-05-12 19:18:49,PD00002,无线蓝牙耳机Pro版,SKU005,SP00002,白色降噪版,2,157.18,314.36,314.36,92.91,221.45,待发货,辽宁省,辽宁省,用户56,13862991269,辽宁省区测试路289号,0,,,支付宝,极兔速递,YT96820441872,否,0,数码电器,否
2605000007,2026-05-13 06:48:13,PD00001,夏季冰丝凉席三件套,SKU002,SP00001,1.8m床-灰色,3,65.46,196.38,196.38,42.70,153.68,已付款,重庆市,重庆市,用户716,13861123677,重庆市区测试路93号,0,,,支付宝,顺丰速运,YT41972557679,否,0,家居生活,否
2605000030,2026-05-13 07:33:58,PD00004,不锈钢保温杯大容量,SKU009,SP00004,800ml-银色,2,41.95,83.90,83.90,19.66,64.24,已付款,云南省,云南省,用户222,13816992506,云南省区测试路126号,0,,,微信支付,韵达快递,YT49588247835,否,0,家居生活,是
2605000220,2026-05-13 14:13:30,PD00007,有机红枣夹核桃500g,SKU015,SP00007,500g袋装,5,32.21,161.05,161.05,45.00,116.05,已退款,江苏省,南京,用户594,13844762281,南京区测试路197号,108.04,收到商品破损,退款成功,支付宝,圆通速递,YT32411084933,否,0,食品生鲜,否
2605000234,2026-05-13 17:22:27,PD00004,不锈钢保温杯大容量,SKU008,SP00004,500ml-黑色,5,26.27,131.35,131.35,37.40,93.95,待发货,上海市,上海市,用户143,13887517477,上海市区测试路139号,0,,,微信支付,中通快递,YT45828413106,否,0,家居生活,否
2605000163,2026-05-13 17:31:48,PD00003,儿童益智积木拼装玩具,SKU006,SP00003,大颗粒100粒,2,69.80,139.60,139.60,1.32,138.28,已签收,四川省,成都,用户929,13884469730,成都区测试路108号,0,,,花呗分期,极兔速递,YT31106573117,否,0,母婴玩具,否
2605000292,2026-05-13 22:01:32,PD00008,桌面手机支架可折叠,SKU018,SP00008,升级款-银色,2,12.62,25.24,25.24,3.16,22.08,待发货,北京市,北京市,用户329,13882925036,北京市区测试路190号,0,,,支付宝,申通快递,YT52467547816,否,0,数码电器,否
2605000306,2026-05-14 02:16:43,PD00003,儿童益智积木拼装玩具,SKU007,SP00003,大颗粒200粒,2,117.71,235.42,235.42,9.11,226.31,已退款,浙江省,杭州,用户180,13892351439,杭州区测试路173号,116.41,商品与描述不符,退款成功,支付宝,韵达快递,YT60157260734,否,0,母婴玩具,否
2605000308,2026-05-14 07:20:33,PD00004,不锈钢保温杯大容量,SKU009,SP00004,800ml-银色,2,57.53,115.06,115.06,18.22,96.84,已退款,广东省,广州,用户827,13830769315,广州区测试路7号,92.11,质量问题,退款成功,微信支付,申通快递,YT61822814005,是,0,家居生活,否
2605000118,2026-05-14 08:05:12,PD00002,无线蓝牙耳机Pro版,SKU004,SP00002,黑色标准版,4,158.50,634.00,634.00,104.80,529.20,已签收,云南省,云南省,用户551,13833102563,云南省区测试路123号,0,,,支付宝,圆通速递,YT68312377641,否,0,数码电器,否
2605000188,2026-05-14 10:43:26,PD00007,有机红枣夹核桃500g,SKU015,SP00007,500g袋装,5,36.46,182.30,182.30,30.56,151.74,已付款,云南省,云南省,用户752,13879684020,云南省区测试路132号,122.50,商品与描述不符,退款成功,支付宝,顺丰速运,YT86230245249,否,0,食品生鲜,否
2605000142,2026-05-14 11:40:41,PD00008,桌面手机支架可折叠,SKU018,SP00008,升级款-银色,4,29.13,116.52,116.52,8.13,108.39,已完成,江苏省,南京,用户917,13875170018,南京区测试路59号,0,,,支付宝,极兔速递,YT51213556675,否,0,数码电器,否
2605000384,2026-05-14 14:24:49,PD00005,男士运动休闲鞋透气款,SKU012,SP00005,41码-白色,1,132.72,132.72,132.72,29.60,103.12,已发货,重庆市,重庆市,用户339,13836084587,重庆市区测试路266号,0,,,花呗分期,极兔速递,YT98658078983,否,0,运动户外,否
2605000322,2026-05-14 15:09:51,PD00001,夏季冰丝凉席三件套,SKU001,SP00001,1.5m床-灰色,5,89.00,445.00,445.00,115.53,329.47,待发货,天津市,天津市,用户191,13842686017,天津市区测试路114号,0,,,微信支付,申通快递,YT83152283762,否,0,家居生活,否
2605000229,2026-05-14 15:20:44,PD00004,不锈钢保温杯大容量,SKU009,SP00004,800ml-银色,4,37.88,151.52,151.52,18.24,133.28,已付款,辽宁省,辽宁省,用户817,13819683766,辽宁省区测试路106号,0,,,花呗分期,中通快递,YT34337695279,否,0,家居生活,否
2605000389,2026-05-14 19:01:10,PD00008,桌面手机支架可折叠,SKU018,SP00008,升级款-银色,2,13.32,26.64,26.64,3.47,23.17,已发货,云南省,云南省,用户407,13835444894,云南省区测试路191号,0,,,微信支付,圆通速递,YT38503342015,否,0,数码电器,否
2605000042,2026-05-15 01:20:31,PD00001,夏季冰丝凉席三件套,SKU001,SP00001,1.5m床-灰色,1,100.11,100.11,100.11,13.99,86.12,已签收,安徽省,合肥,用户758,13828196561,合肥区测试路65号,0,,,微信支付,韵达快递,YT32103241729,否,0,家居生活,是
2605000134,2026-05-15 03:01:20,PD00006,女士防晒衣轻薄透气,SKU013,SP00006,M码-浅蓝,3,87.23,261.69,261.69,72.19,189.50,已发货,北京市,北京市,用户262,13851746731,北京市区测试路33号,0,,,支付宝,韵达快递,YT39416888314,否,0,服饰内衣,否
2605000256,2026-05-15 05:33:38,PD00004,不锈钢保温杯大容量,SKU009,SP00004,800ml-银色,3,47.49,142.47,142.47,41.42,101.05,已退款,江苏省,南京,用户284,13865347001,南京区测试路279号,60.65,七天无理由退货,退款成功,微信支付,韵达快递,YT80774847568,否,0,家居生活,否
2605000177,2026-05-15 07:20:34,PD00003,儿童益智积木拼装玩具,SKU007,SP00003,大颗粒200粒,2,58.03,116.06,116.06,19.25,96.81,已签收,重庆市,重庆市,用户395,13819906984,重庆市区测试路105号,0,,,微信支付,顺丰速运,YT13784379389,否,0,母婴玩具,否
2605000204,2026-05-15 07:31:35,PD00001,夏季冰丝凉席三件套,SKU001,SP00001,1.5m床-灰色,4,44.60,178.40,178.40,21.72,156.68,已发货,湖北省,武汉,用户958,13827812564,武汉区测试路271号,0,,,微信支付,圆通速递,YT36920810189,否,0,家居生活,否
2605000198,2026-05-15 08:39:02,PD00002,无线蓝牙耳机Pro版,SKU005,SP00002,白色降噪版,1,252.17,252.17,252.17,11.39,240.78,已完成,辽宁省,辽宁省,用户556,13832531454,辽宁省区测试路93号,0,,,花呗分期,韵达快递,YT51656090195,是,0,数码电器,否
2605000202,2026-05-15 12:59:37,PD00008,桌面手机支架可折叠,SKU017,SP00008,基础款-黑色,5,10.38,51.90,51.90,1.10,50.80,已签收,江西省,江西省,用户33,13896312181,江西省区测试路235号,0,,,花呗分期,韵达快递,YT80834267688,否,0,数码电器,否
2605000381,2026-05-15 13:37:54,PD00001,夏季冰丝凉席三件套,SKU002,SP00001,1.8m床-灰色,1,94.02,94.02,94.02,0.53,93.49,已付款,安徽省,合肥,用户456,13851087267,合肥区测试路272号,0,,,花呗分期,极兔速递,YT78756222749,否,0,家居生活,否
2605000249,2026-05-15 16:12:59,PD00008,桌面手机支架可折叠,SKU017,SP00008,基础款-黑色,1,18.27,18.27,18.27,4.49,13.78,待发货,陕西省,陕西省,用户450,13836071315,陕西省区测试路172号,0,,,微信支付,韵达快递,YT67215477035,是,0,数码电器,否
2605000108,2026-05-15 18:58:05,PD00008,桌面手机支架可折叠,SKU018,SP00008,升级款-银色,3,30.90,92.70,92.70,20.32,72.38,已付款,浙江省,杭州,用户333,13892970195,杭州区测试路284号,0,,,花呗分期,顺丰速运,YT67353328421,否,0,数码电器,否
2605000331,2026-05-15 20:39:10,PD00001,夏季冰丝凉席三件套,SKU003,SP00001,1.5m床-蓝色,5,98.16,490.80,490.80,119.06,371.74,待发货,陕西省,陕西省,用户923,13850095824,陕西省区测试路73号,0,,,花呗分期,韵达快递,YT62328654847,否,0,家居生活,否
2605000420,2026-05-15 20:58:17,PD00004,不锈钢保温杯大容量,SKU008,SP00004,500ml-黑色,5,51.16,255.80,255.80,15.74,240.06,已退款,辽宁省,辽宁省,用户174,13875275095,辽宁省区测试路45号,188.21,质量问题,退款成功,花呗分期,顺丰速运,YT60262425813,否,0,家居生活,是
2605000209,2026-05-15 22:45:33,PD00006,女士防晒衣轻薄透气,SKU013,SP00006,M码-浅蓝,2,83.41,166.82,166.82,44.79,122.03,已完成,陕西省,陕西省,用户17,13885851319,陕西省区测试路72号,0,,,支付宝,顺丰速运,YT22554226997,是,0,服饰内衣,否
2605000337,2026-05-16 02:19:04,PD00001,夏季冰丝凉席三件套,SKU002,SP00001,1.8m床-灰色,4,99.10,396.40,396.40,17.24,379.16,已完成,陕西省,陕西省,用户9,13834680899,陕西省区测试路295号,0,,,花呗分期,极兔速递,YT32086387263,否,0,家居生活,否
2605000192,2026-05-16 06:41:35,PD00001,夏季冰丝凉席三件套,SKU001,SP00001,1.5m床-灰色,5,99.69,498.45,498.45,141.91,356.54,已签收,云南省,云南省,用户690,13836768772,云南省区测试路133号,0,,,花呗分期,申通快递,YT82254942916,否,0,家居生活,否
2605000421,2026-05-16 06:43:19,PD00007,有机红枣夹核桃500g,SKU015,SP00007,500g袋装,2,39.73,79.46,79.46,12.59,66.87,待发货,安徽省,合肥,用户225,13887297537,合肥区测试路233号,0,,,花呗分期,申通快递,YT85637531080,否,0,食品生鲜,否
2605000200,2026-05-16 07:32:51,PD00004,不锈钢保温杯大容量,SKU009,SP00004,800ml-银色,5,75.33,376.65,376.65,26.21,350.44,已付款,山东省,青岛,用户409,13872120400,青岛区测试路219号,0,,,花呗分期,中通快递,YT39546363449,否,0,家居生活,否
2605000252,2026-05-16 09:36:05,PD00004,不锈钢保温杯大容量,SKU008,SP00004,500ml-黑色,5,27.69,138.45,138.45,12.79,125.66,待发货,辽宁省,辽宁省,用户69,13855859739,辽宁省区测试路93号,56.28,不喜欢/效果不好,退款成功,支付宝,申通快递,YT77965662750,否,0,家居生活,否
2605000153,2026-05-16 12:02:47,PD00003,儿童益智积木拼装玩具,SKU007,SP00003,大颗粒200粒,2,90.76,181.52,181.52,12.71,168.81,已退款,山东省,青岛,用户369,13838375226,青岛区测试路125号,164.45,不喜欢/效果不好,退款成功,花呗分期,申通快递,YT81140258036,否,0,母婴玩具,否
2605000338,2026-05-16 12:49:25,PD00003,儿童益智积木拼装玩具,SKU006,SP00003,大颗粒100粒,1,67.53,67.53,67.53,14.62,52.91,已签收,河北省,河北省,用户259,13837260431,河北省区测试路140号,0,,,微信支付,圆通速递,YT69792358360,否,0,母婴玩具,否
2605000106,2026-05-16 16:35:52,PD00003,儿童益智积木拼装玩具,SKU007,SP00003,大颗粒200粒,5,93.98,469.90,469.90,136.43,333.47,已签收,广东省,广州,用户535,13873656285,广州区测试路8号,219.03,收到商品破损,退款成功,支付宝,申通快递,YT90479008621,否,0,母婴玩具,否
2605000102,2026-05-16 21:23:55,PD00002,无线蓝牙耳机Pro版,SKU004,SP00002,黑色标准版,5,135.62,678.10,678.10,86.61,591.49,已签收,河南省,郑州,用户823,13853077631,郑州区测试路108号,0,,,花呗分期,中通快递,YT85090138921,否,0,数码电器,否
2605000148,2026-05-17 00:03:04,PD00002,无线蓝牙耳机Pro版,SKU005,SP00002,白色降噪版,1,182.87,182.87,182.87,51.97,130.90,已付款,上海市,上海市,用户310,13842361259,上海市区测试路155号,0,,,支付宝,极兔速递,YT33960045738,否,0,数码电器,是
2605000212,2026-05-17 03:54:41,PD00005,男士运动休闲鞋透气款,SKU012,SP00005,41码-白色,1,66.31,66.31,66.31,19.47,46.84,已退款,河北省,河北省,用户800,13845199949,河北省区测试路195号,38.54,质量问题,退款成功,微信支付,韵达快递,YT60703393124,否,0,运动户外,否
2605000026,2026-05-17 04:51:08,PD00006,女士防晒衣轻薄透气,SKU014,SP00006,L码-粉色,2,46.51,93.02,93.02,3.35,89.67,已发货,广东省,广州,用户332,13820252469,广州区测试路257号,0,,,支付宝,极兔速递,YT50320636989,否,0,服饰内衣,否
2605000298,2026-05-17 04:59:40,PD00006,女士防晒衣轻薄透气,SKU013,SP00006,M码-浅蓝,1,60.44,60.44,60.44,4.23,56.21,已付款,河北省,河北省,用户88,13833308299,河北省区测试路43号,0,,,微信支付,顺丰速运,YT79205256146,否,0,服饰内衣,是
2605000326,2026-05-17 05:14:23,PD00001,夏季冰丝凉席三件套,SKU002,SP00001,1.8m床-灰色,1,106.03,106.03,106.03,15.66,90.37,已退款,上海市,上海市,用户198,13881992781,上海市区测试路224号,49.91,发错货/漏发,退款成功,支付宝,申通快递,YT55043509332,否,0,家居生活,否
2605000318,2026-05-17 08:19:15,PD00004,不锈钢保温杯大容量,SKU008,SP00004,500ml-黑色,3,34.78,104.34,104.34,30.14,74.20,已发货,江苏省,南京,用户992,13848564091,南京区测试路32号,0,,,支付宝,中通快递,YT38844369931,否,0,家居生活,否
2605000319,2026-05-17 12:12:39,PD00007,有机红枣夹核桃500g,SKU016,SP00007,1000g礼盒,3,33.84,101.52,101.52,15.44,86.08,已签收,安徽省,合肥,用户632,13860154771,合肥区测试路172号,0,,,支付宝,韵达快递,YT85558205239,否,0,食品生鲜,否
2605000443,2026-05-17 21:14:43,PD00001,夏季冰丝凉席三件套,SKU001,SP00001,1.5m床-灰色,5,65.20,326.00,326.00,58.82,267.18,已发货,天津市,天津市,用户737,13859217790,天津市区测试路57号,0,,,花呗分期,韵达快递,YT94002444524,否,0,家居生活,否
2605000144,2026-05-18 02:47:39,PD00005,男士运动休闲鞋透气款,SKU011,SP00005,40码-黑色,2,105.85,211.70,211.70,56.50,155.20,已完成,浙江省,杭州,用户592,13867630636,杭州区测试路213号,60.86,七天无理由退货,退款成功,花呗分期,极兔速递,YT72353136213,否,0,运动户外,否
2605000439,2026-05-18 06:28:33,PD00001,夏季冰丝凉席三件套,SKU002,SP00001,1.8m床-灰色,2,103.97,207.94,207.94,31.61,176.33,已退款,辽宁省,辽宁省,用户652,13898817337,辽宁省区测试路263号,151.41,质量问题,退款成功,微信支付,顺丰速运,YT34652127557,否,0,家居生活,否
2605000086,2026-05-18 07:46:12,PD00003,儿童益智积木拼装玩具,SKU006,SP00003,大颗粒100粒,3,51.18,153.54,153.54,24.21,129.33,待发货,山东省,青岛,用户636,13821541434,青岛区测试路252号,0,,,支付宝,韵达快递,YT41317573158,是,0,母婴玩具,否
2605000403,2026-05-18 15:07:19,PD00006,女士防晒衣轻薄透气,SKU013,SP00006,M码-浅蓝,1,67.72,67.72,67.72,2.60,65.12,已付款,河北省,河北省,用户317,13866900281,河北省区测试路93号,25.48,质量问题,退款成功,花呗分期,顺丰速运,YT95247056728,否,0,服饰内衣,否
2605000347,2026-05-18 15:24:46,PD00005,男士运动休闲鞋透气款,SKU010,SP00005,39码-黑色,2,162.67,325.34,325.34,86.29,239.05,已签收,湖北省,武汉,用户231,13843273120,武汉区测试路177号,0,,,微信支付,中通快递,YT88621541277,否,0,运动户外,否
2605000080,2026-05-18 23:29:21,PD00006,女士防晒衣轻薄透气,SKU013,SP00006,M码-浅蓝,4,70.85,283.40,283.40,24.61,258.79,已发货,广东省,广州,用户874,13884795440,广州区测试路298号,0,,,支付宝,韵达快递,YT51708744111,否,0,服饰内衣,是
2605000399,2026-05-19 04:52:01,PD00007,有机红枣夹核桃500g,SKU016,SP00007,1000g礼盒,3,38.16,114.48,114.48,3.69,110.79,待发货,北京市,北京市,用户347,13883111777,北京市区测试路117号,0,,,微信支付,韵达快递,YT59189169750,是,0,食品生鲜,是
2605000396,2026-05-19 14:05:40,PD00001,夏季冰丝凉席三件套,SKU003,SP00001,1.5m床-蓝色,4,43.26,173.04,173.04,15.17,157.87,已付款,福建省,厦门,用户358,13823184503,厦门区测试路263号,0,,,支付宝,中通快递,YT54922568277,否,0,家居生活,是
2605000045,2026-05-19 16:17:45,PD00003,儿童益智积木拼装玩具,SKU006,SP00003,大颗粒100粒,1,27.60,27.60,27.60,4.85,22.75,已付款,江西省,江西省,用户94,13851873055,江西省区测试路119号,0,,,微信支付,申通快递,YT93323994065,否,0,母婴玩具,否
2605000335,2026-05-19 16:46:04,PD00007,有机红枣夹核桃500g,SKU015,SP00007,500g袋装,5,44.44,222.20,222.20,37.98,184.22,已发货,江苏省,南京,用户876,13820250586,南京区测试路239号,0,,,花呗分期,圆通速递,YT98217912660,否,0,食品生鲜,是
2605000093,2026-05-19 17:26:13,PD00006,女士防晒衣轻薄透气,SKU013,SP00006,M码-浅蓝,2,68.47,136.94,136.94,1.35,135.59,已付款,上海市,上海市,用户416,13878720722,上海市区测试路59号,0,,,支付宝,顺丰速运,YT55944798812,是,0,服饰内衣,否
2605000167,2026-05-19 21:17:11,PD00004,不锈钢保温杯大容量,SKU009,SP00004,800ml-银色,1,37.72,37.72,37.72,10.53,27.19,已完成,北京市,北京市,用户327,13853059669,北京市区测试路164号,0,,,花呗分期,顺丰速运,YT67232501761,否,0,家居生活,否
2605000402,2026-05-19 22:52:10,PD00008,桌面手机支架可折叠,SKU017,SP00008,基础款-黑色,1,14.56,14.56,14.56,3.49,11.07,已发货,湖北省,武汉,用户394,13825633484,武汉区测试路140号,0,,,花呗分期,中通快递,YT35531202562,否,0,数码电器,否
2605000276,2026-05-20 06:36:40,PD00001,夏季冰丝凉席三件套,SKU003,SP00001,1.5m床-蓝色,3,74.34,223.02,223.02,21.23,201.79,已签收,浙江省,杭州,用户345,13818915619,杭州区测试路163号,0,,,微信支付,韵达快递,YT78977035383,否,0,家居生活,否
2605000132,2026-05-20 08:47:07,PD00006,女士防晒衣轻薄透气,SKU014,SP00006,L码-粉色,4,64.73,258.92,258.92,9.19,249.73,已退款,四川省,成都,用户553,13883633487,成都区测试路55号,204.75,七天无理由退货,退款成功,花呗分期,申通快递,YT28168419586,否,0,服饰内衣,否
2605000199,2026-05-20 08:53:37,PD00004,不锈钢保温杯大容量,SKU008,SP00004,500ml-黑色,3,25.70,77.10,77.10,17.90,59.20,已退款,天津市,天津市,用户539,13877460931,天津市区测试路77号,24.11,发错货/漏发,退款成功,微信支付,韵达快递,YT11305325587,否,0,家居生活,否
2605000082,2026-05-20 09:29:10,PD00004,不锈钢保温杯大容量,SKU009,SP00004,800ml-银色,5,31.07,155.35,155.35,38.46,116.89,已完成,浙江省,杭州,用户324,13855792893,杭州区测试路100号,0,,,支付宝,顺丰速运,YT11112550137,否,0,家居生活,否
2605000089,2026-05-20 09:53:40,PD00008,桌面手机支架可折叠,SKU018,SP00008,升级款-银色,2,16.34,32.68,32.68,2.45,30.23,待发货,河北省,河北省,用户838,13866127936,河北省区测试路214号,0,,,微信支付,申通快递,YT25883653739,否,0,数码电器,否
2605000175,2026-05-20 11:23:52,PD00003,儿童益智积木拼装玩具,SKU007,SP00003,大颗粒200粒,3,72.93,218.79,218.79,59.35,159.44,待发货,江苏省,南京,用户271,13819047517,南京区测试路217号,0,,,花呗分期,申通快递,YT76973372039,否,0,母婴玩具,否
2605000441,2026-05-20 13:35:59,PD00005,男士运动休闲鞋透气款,SKU011,SP00005,40码-黑色,2,122.67,245.34,245.34,39.82,205.52,已付款,河北省,河北省,用户340,13887271024,河北省区测试路43号,88.72,商品与描述不符,退款成功,微信支付,申通快递,YT83161311467,否,0,运动户外,否
2605000427,2026-05-20 19:06:35,PD00007,有机红枣夹核桃500g,SKU016,SP00007,1000g礼盒,4,40.37,161.48,161.48,46.72,114.76,已付款,北京市,北京市,用户352,13890589020,北京市区测试路55号,99.10,收到商品破损,退款成功,微信支付,韵达快递,YT98817604384,否,0,食品生鲜,是
2605000432,2026-05-20 21:12:54,PD00007,有机红枣夹核桃500g,SKU016,SP00007,1000g礼盒,4,51.36,205.44,205.44,8.36,197.08,已完成,北京市,北京市,用户49,13863992668,北京市区测试路124号,0,,,微信支付,中通快递,YT36475650419,否,0,食品生鲜,否
2605000126,2026-05-20 22:19:12,PD00001,夏季冰丝凉席三件套,SKU003,SP00001,1.5m床-蓝色,3,74.12,222.36,222.36,43.33,179.03,待发货,云南省,云南省,用户692,13892281636,云南省区测试路238号,0,,,花呗分期,极兔速递,YT62125919540,否,0,家居生活,否
2605000206,2026-05-21 04:35:11,PD00008,桌面手机支架可折叠,SKU017,SP00008,基础款-黑色,5,11.23,56.15,56.15,7.51,48.64,待发货,四川省,成都,用户16,13881415294,成都区测试路37号,0,,,花呗分期,韵达快递,YT80213241492,是,0,数码电器,否
2605000043,2026-05-21 11:11:38,PD00004,不锈钢保温杯大容量,SKU008,SP00004,500ml-黑色,4,43.60,174.40,174.40,12.19,162.21,已签收,上海市,上海市,用户383,13850125114,上海市区测试路241号,0,,,花呗分期,韵达快递,YT70713925641,否,0,家居生活,否
2605000350,2026-05-21 11:37:07,PD00006,女士防晒衣轻薄透气,SKU013,SP00006,M码-浅蓝,4,67.63,270.52,270.52,13.88,256.64,已付款,浙江省,杭州,用户289,13897003946,杭州区测试路184号,0,,,支付宝,中通快递,YT75237652572,是,0,服饰内衣,否
2605000156,2026-05-21 15:38:22,PD00005,男士运动休闲鞋透气款,SKU012,SP00005,41码-白色,4,123.41,493.64,493.64,33.74,459.90,已退款,上海市,上海市,用户926,13879350716,上海市区测试路29号,166.65,商品与描述不符,退款成功,花呗分期,顺丰速运,YT86127663364,否,0,运动户外,否
2605000278,2026-05-22 01:27:10,PD00008,桌面手机支架可折叠,SKU018,SP00008,升级款-银色,3,25.64,76.92,76.92,6.62,70.30,已退款,江苏省,南京,用户109,13863250910,南京区测试路269号,58.29,质量问题,退款成功,微信支付,韵达快递,YT60716858460,是,0,数码电器,否
2605000129,2026-05-22 03:29:22,PD00002,无线蓝牙耳机Pro版,SKU004,SP00002,黑色标准版,2,114.51,229.02,229.02,29.56,199.46,待发货,上海市,上海市,用户447,13818423286,上海市区测试路13号,0,,,支付宝,申通快递,YT83312817822,否,0,数码电器,否
2605000203,2026-05-22 07:00:07,PD00006,女士防晒衣轻薄透气,SKU013,SP00006,M码-浅蓝,4,75.38,301.52,301.52,60.41,241.11,已发货,四川省,成都,用户360,13832780432,成都区测试路285号,0,,,花呗分期,申通快递,YT43306451080,否,0,服饰内衣,否
2605000011,2026-05-22 08:35:03,PD00004,不锈钢保温杯大容量,SKU008,SP00004,500ml-黑色,2,38.44,76.88,76.88,15.64,61.24,已退款,云南省,云南省,用户419,13870379569,云南省区测试路298号,29.41,物流太慢,退款成功,支付宝,中通快递,YT81049659684,否,0,家居生活,是
2605000079,2026-05-22 08:38:24,PD00004,不锈钢保温杯大容量,SKU008,SP00004,500ml-黑色,1,49.52,49.52,49.52,13.60,35.92,已完成,广东省,广州,用户748,13837917811,广州区测试路137号,0,,,微信支付,韵达快递,YT15142334773,否,0,家居生活,否
2605000164,2026-05-22 11:24:16,PD00007,有机红枣夹核桃500g,SKU016,SP00007,1000g礼盒,4,67.73,270.92,270.92,66.94,203.98,已发货,浙江省,杭州,用户795,13815006809,杭州区测试路99号,0,,,微信支付,极兔速递,YT81943746714,否,0,食品生鲜,是
2605000401,2026-05-22 14:34:23,PD00005,男士运动休闲鞋透气款,SKU011,SP00005,40码-黑色,3,105.34,316.02,316.02,80.38,235.64,待发货,福建省,厦门,用户605,13896433413,厦门区测试路11号,0,,,支付宝,中通快递,YT61646848583,否,0,运动户外,否
2605000170,2026-05-22 17:51:52,PD00008,桌面手机支架可折叠,SKU018,SP00008,升级款-银色,5,27.53,137.65,137.65,12.24,125.41,已签收,四川省,成都,用户318,13852461471,成都区测试路278号,0,,,微信支付,极兔速递,YT94493010357,否,0,数码电器,否
2605000231,2026-05-22 20:00:41,PD00003,儿童益智积木拼装玩具,SKU007,SP00003,大颗粒200粒,2,95.19,190.38,190.38,7.89,182.49,已退款,北京市,北京市,用户674,13846272247,北京市区测试路207号,81.28,七天无理由退货,退款成功,花呗分期,中通快递,YT94619125012,否,0,母婴玩具,否
2605000369,2026-05-22 21:47:31,PD00007,有机红枣夹核桃500g,SKU015,SP00007,500g袋装,4,22.99,91.96,91.96,21.80,70.16,已付款,河北省,河北省,用户961,13861035269,河北省区测试路83号,0,,,支付宝,极兔速递,YT88554900646,否,0,食品生鲜,否
2605000385,2026-05-23 06:01:31,PD00006,女士防晒衣轻薄透气,SKU013,SP00006,M码-浅蓝,3,42.75,128.25,128.25,34.03,94.22,已退款,河南省,郑州,用户293,13812839148,郑州区测试路219号,31.99,收到商品破损,退款成功,支付宝,申通快递,YT92439809668,否,0,服饰内衣,否
2605000264,2026-05-23 06:31:01,PD00001,夏季冰丝凉席三件套,SKU001,SP00001,1.5m床-灰色,2,83.65,167.30,167.30,21.46,145.84,待发货,北京市,北京市,用户117,13845839327,北京市区测试路51号,0,,,微信支付,申通快递,YT44872673029,否,0,家居生活,是
2605000087,2026-05-23 07:43:26,PD00001,夏季冰丝凉席三件套,SKU003,SP00001,1.5m床-蓝色,4,62.86,251.44,251.44,38.59,212.85,已签收,湖北省,武汉,用户644,13874171512,武汉区测试路209号,0,,,花呗分期,圆通速递,YT34609971432,否,0,家居生活,否
2605000289,2026-05-23 16:37:43,PD00008,桌面手机支架可折叠,SKU017,SP00008,基础款-黑色,3,8.36,25.08,25.08,3.57,21.51,已签收,云南省,云南省,用户314,13864893086,云南省区测试路256号,0,,,花呗分期,申通快递,YT80622903847,否,0,数码电器,否
2605000377,2026-05-23 20:26:44,PD00003,儿童益智积木拼装玩具,SKU006,SP00003,大颗粒100粒,5,47.41,237.05,237.05,24.14,212.91,已付款,广东省,广州,用户418,13877669580,广州区测试路245号,0,,,花呗分期,韵达快递,YT69484595826,否,0,母婴玩具,否
2605000178,2026-05-24 05:25:33,PD00004,不锈钢保温杯大容量,SKU008,SP00004,500ml-黑色,4,56.18,224.72,224.72,1.19,223.53,已签收,四川省,成都,用户186,13850731970,成都区测试路44号,0,,,支付宝,顺丰速运,YT90930890955,是,0,家居生活,否
2605000391,2026-05-24 06:12:38,PD00008,桌面手机支架可折叠,SKU017,SP00008,基础款-黑色,3,12.87,38.61,38.61,0.85,37.76,已签收,山东省,青岛,用户250,13850060893,青岛区测试路68号,0,,,支付宝,韵达快递,YT52826719256,否,0,数码电器,否
2605000021,2026-05-24 09:31:28,PD00006,女士防晒衣轻薄透气,SKU013,SP00006,M码-浅蓝,5,49.26,246.30,246.30,32.39,213.91,已发货,河北省,河北省,用户183,13842117865,河北省区测试路102号,0,,,支付宝,顺丰速运,YT63685784096,否,0,服饰内衣,否
2605000120,2026-05-24 09:57:21,PD00004,不锈钢保温杯大容量,SKU008,SP00004,500ml-黑色,5,48.69,243.45,243.45,23.13,220.32,已发货,安徽省,合肥,用户74,13890808312,合肥区测试路74号,0,,,支付宝,韵达快递,YT33183548071,是,0,家居生活,否
2605000370,2026-05-24 10:21:55,PD00006,女士防晒衣轻薄透气,SKU013,SP00006,M码-浅蓝,4,58.84,235.36,235.36,32.08,203.28,已付款,浙江省,杭州,用户387,13844781995,杭州区测试路277号,0,,,支付宝,韵达快递,YT92119186775,否,0,服饰内衣,否
2605000325,2026-05-24 23:06:36,PD00003,儿童益智积木拼装玩具,SKU006,SP00003,大颗粒100粒,4,54.33,217.32,217.32,8.50,208.82,待发货,天津市,天津市,用户27,13886900523,天津市区测试路261号,0,,,支付宝,极兔速递,YT61691115470,否,0,母婴玩具,否
2605000046,2026-05-25 00:20:49,PD00007,有机红枣夹核桃500g,SKU016,SP00007,1000g礼盒,5,46.03,230.15,230.15,62.10,168.05,已完成,重庆市,重庆市,用户90,13814843090,重庆市区测试路97号,0,,,支付宝,顺丰速运,YT34012650662,否,0,食品生鲜,否
2605000151,2026-05-25 02:27:37,PD00003,儿童益智积木拼装玩具,SKU007,SP00003,大颗粒200粒,5,89.21,446.05,446.05,23.69,422.36,已发货,广东省,广州,用户645,13823645428,广州区测试路193号,183.11,商品与描述不符,退款成功,微信支付,圆通速递,YT26148840221,否,0,母婴玩具,否
2605000294,2026-05-25 03:15:53,PD00004,不锈钢保温杯大容量,SKU009,SP00004,800ml-银色,2,53.14,106.28,106.28,28.39,77.89,已签收,江苏省,南京,用户209,13834081854,南京区测试路212号,73.00,质量问题,退款成功,花呗分期,顺丰速运,YT49684616419,是,0,家居生活,否
2605000288,2026-05-25 03:23:54,PD00006,女士防晒衣轻薄透气,SKU014,SP00006,L码-粉色,3,85.34,256.02,256.02,48.85,207.17,待发货,河北省,河北省,用户577,13873468648,河北省区测试路72号,0,,,微信支付,极兔速递,YT27917326685,否,0,服饰内衣,否
2605000097,2026-05-25 06:39:35,PD00005,男士运动休闲鞋透气款,SKU011,SP00005,40码-黑色,4,150.50,602.00,602.00,94.27,507.73,已付款,河南省,郑州,用户810,13896748054,郑州区测试路85号,0,,,微信支付,圆通速递,YT11254663230,否,0,运动户外,否
2605000088,2026-05-25 12:30:48,PD00008,桌面手机支架可折叠,SKU018,SP00008,升级款-银色,2,21.20,42.40,42.40,1.15,41.25,待发货,湖南省,长沙,用户909,13843059013,长沙区测试路3号,0,,,支付宝,极兔速递,YT55469075437,否,0,数码电器,否
2605000239,2026-05-25 19:53:57,PD00008,桌面手机支架可折叠,SKU017,SP00008,基础款-黑色,5,17.16,85.80,85.80,9.11,76.69,已付款,上海市,上海市,用户295,13882255507,上海市区测试路228号,0,,,支付宝,韵达快递,YT55794765414,否,0,数码电器,否
2605000143,2026-05-25 21:59:48,PD00002,无线蓝牙耳机Pro版,SKU004,SP00002,黑色标准版,5,96.77,483.85,483.85,40.70,443.15,已付款,云南省,云南省,用户578,13832128121,云南省区测试路53号,0,,,支付宝,中通快递,YT27817493217,否,0,数码电器,否
2605000210,2026-05-26 03:10:50,PD00001,夏季冰丝凉席三件套,SKU002,SP00001,1.8m床-灰色,4,129.06,516.24,516.24,30.06,486.18,已签收,湖北省,武汉,用户227,13837460945,武汉区测试路107号,0,,,支付宝,申通快递,YT45376448155,否,0,家居生活,否
2605000124,2026-05-26 08:53:02,PD00002,无线蓝牙耳机Pro版,SKU005,SP00002,白色降噪版,4,155.95,623.80,623.80,107.01,516.79,已发货,广东省,广州,用户373,13813534726,广州区测试路188号,0,,,支付宝,极兔速递,YT56303081677,否,0,数码电器,否
2605000121,2026-05-26 12:48:48,PD00005,男士运动休闲鞋透气款,SKU012,SP00005,41码-白色,4,124.54,498.16,498.16,147.31,350.85,已付款,江西省,江西省,用户541,13810400682,江西省区测试路50号,0,,,花呗分期,韵达快递,YT78301168454,否,0,运动户外,是
2605000145,2026-05-26 15:09:21,PD00004,不锈钢保温杯大容量,SKU008,SP00004,500ml-黑色,4,59.73,238.92,238.92,55.32,183.60,已签收,云南省,云南省,用户380,13816696930,云南省区测试路114号,0,,,花呗分期,圆通速递,YT39257095206,否,0,家居生活,是
2605000085,2026-05-26 16:43:35,PD00008,桌面手机支架可折叠,SKU018,SP00008,升级款-银色,2,17.24,34.48,34.48,4.86,29.62,已发货,天津市,天津市,用户43,13848879070,天津市区测试路161号,0,,,支付宝,顺丰速运,YT66189570982,是,0,数码电器,否
2605000152,2026-05-26 18:22:46,PD00007,有机红枣夹核桃500g,SKU015,SP00007,500g袋装,1,43.26,43.26,43.26,4.97,38.29,已签收,江西省,江西省,用户541,13852015572,江西省区测试路157号,0,,,花呗分期,韵达快递,YT17423277729,否,0,食品生鲜,否
2605000194,2026-05-26 19:45:33,PD00006,女士防晒衣轻薄透气,SKU013,SP00006,M码-浅蓝,2,59.25,118.50,118.50,26.30,92.20,已完成,陕西省,陕西省,用户814,13847261689,陕西省区测试路276号,0,,,花呗分期,圆通速递,YT75791234064,否,0,服饰内衣,否
2605000195,2026-05-27 00:01:58,PD00006,女士防晒衣轻薄透气,SKU013,SP00006,M码-浅蓝,3,70.80,212.40,212.40,45.92,166.48,已完成,河南省,郑州,用户95,13887891948,郑州区测试路103号,0,,,微信支付,极兔速递,YT31369136999,否,0,服饰内衣,否
2605000181,2026-05-27 03:41:52,PD00005,男士运动休闲鞋透气款,SKU011,SP00005,40码-黑色,3,123.18,369.54,369.54,102.84,266.70,已发货,江西省,江西省,用户852,13861828030,江西省区测试路46号,0,,,支付宝,极兔速递,YT86029213051,否,0,运动户外,否
2605000397,2026-05-27 04:55:10,PD00007,有机红枣夹核桃500g,SKU015,SP00007,500g袋装,2,35.73,71.46,71.46,13.26,58.20,已签收,山东省,青岛,用户129,13823511908,青岛区测试路79号,0,,,花呗分期,申通快递,YT72500988582,否,0,食品生鲜,否
2605000065,2026-05-27 06:43:52,PD00004,不锈钢保温杯大容量,SKU008,SP00004,500ml-黑色,4,41.00,164.00,164.00,43.98,120.02,已签收,天津市,天津市,用户191,13899054630,天津市区测试路185号,0,,,花呗分期,中通快递,YT62045256227,是,0,家居生活,否
2605000159,2026-05-27 11:06:24,PD00007,有机红枣夹核桃500g,SKU016,SP00007,1000g礼盒,4,34.42,137.68,137.68,28.85,108.83,已退款,辽宁省,辽宁省,用户126,13853644692,辽宁省区测试路269号,44.60,不喜欢/效果不好,退款成功,微信支付,极兔速递,YT10075067242,否,0,食品生鲜,否
2605000081,2026-05-27 14:54:57,PD00007,有机红枣夹核桃500g,SKU015,SP00007,500g袋装,5,29.07,145.35,145.35,9.84,135.51,已退款,重庆市,重庆市,用户74,13894298890,重庆市区测试路181号,61.21,商品与描述不符,退款成功,支付宝,顺丰速运,YT90908535241,是,0,食品生鲜,否
2605000254,2026-05-27 15:09:28,PD00008,桌面手机支架可折叠,SKU017,SP00008,基础款-黑色,2,18.23,36.46,36.46,9.71,26.75,已完成,湖北省,武汉,用户13,13842306382,武汉区测试路237号,0,,,花呗分期,申通快递,YT32419708197,否,0,数码电器,否
2605000034,2026-05-27 19:34:01,PD00004,不锈钢保温杯大容量,SKU009,SP00004,800ml-银色,4,65.12,260.48,260.48,61.16,199.32,已完成,广东省,广州,用户432,13867280813,广州区测试路113号,0,,,支付宝,圆通速递,YT74782357555,否,0,家居生活,是
2605000340,2026-05-27 20:41:20,PD00006,女士防晒衣轻薄透气,SKU013,SP00006,M码-浅蓝,4,54.45,217.80,217.80,64.23,153.57,已付款,山东省,青岛,用户243,13881353654,青岛区测试路24号,0,,,微信支付,韵达快递,YT91310230577,否,0,服饰内衣,否
2605000302,2026-05-27 21:28:59,PD00006,女士防晒衣轻薄透气,SKU014,SP00006,L码-粉色,4,55.60,222.40,222.40,58.90,163.50,已完成,四川省,成都,用户761,13894784077,成都区测试路156号,0,,,支付宝,申通快递,YT51088165482,否,0,服饰内衣,否